id,college code,college code,college type
978,8201,A.R.J. COLLEGE OF ENGINEERING AND TECHNOLOGY,ENGINEERING
1319,105,INSTITUTE OF TEXTILE TECHNOLOGY,POLYTECHNIC
672,5117,Pallavan College of Engineering,ENGINEERING
1066,9222,Theni Kammavar Sangam College of Technology,ENGINEERING
473,1101,Aalim Muhammed Salegh College Of Engineering,ENGINEERING
1151,9628,UNIVERSITY COLLEGE OF ENGINEERING, NAGERCOIL,ENGINEERING
917,7378,KONGU ENGINEERING COLLEGE,ENGINEERING
1128,9605,CAPE INSTITUTE OF TECHNOLOGY,ENGINEERING
563,3107,Jawahar Engineering College,ENGINEERING
700,6108,ER.PERUMAL MANIMEKALAI COLLEGE OF ENGINEERING,ENGINEERING
720,6128,VARUVAN VADIVELAN INSTITUTE OF TECHNOLOGY,ENGINEERING
503,1131,Veltech Multitech Dr. Rangarajan Dr. Sakunthala Engineering College,ENGINEERING
607,4114,NEW PRINCE SHRI BHAVANI COLLEGE OF ENGINEERING AND TECHNOLOGY,ENGINEERING
609,4116,Prince Dr.K.Vasudevan College of Engineering and Technology,ENGINEERING
1067,9223,UNIVERSITY COLLEGE OF ENGINEERING, DINDIGUL,ENGINEERING
753,6221,PAAVAI ENGINEERING COLLEGE,ENGINEERING
1025,9117,MOUNT ZION COLLEGE OF ENGINEERING AND TECHNOLOGY,ENGINEERING
1027,9119,P.T.R.COLLEGE OF ENGINEERING AND TECHNOLOGY,ENGINEERING
1317,103,INSTITUTE OF CHEMICAL TECHNOLOGY,POLYTECHNIC
487,1115,Sri Ram Engineering College,ENGINEERING
943,8125,MAHALAKSHMI ENGINEERING COLLEGE,ENGINEERING
870,7239,Arjun College of Technology , Coimbatore ,ENGINEERING
1321,109,T P E V R GOVERNMENT POLYTECHNIC COLLEGE,POLYTECHNIC
1320,106,STATE INSTITUTE OF COMMERCE EDUCATION,POLYTECHNIC
1316,102,INSTITUTE OF PRINTING TECHNOLOGY,POLYTECHNIC
571,3114,MEENAKSHI COLLEGE OF ENGINEERING,ENGINEERING
1020,9112,MAHATH AMMA INSTITUTE OF ENGINEERING AND TECHNOLOGY,ENGINEERING
913,7333,JAIRUPAA COLLEGE OF ENGINEERING,ENGINEERING
949,8131,Pavendar Bharathidasan College of Engineering and Technology,ENGINEERING
1059,9215,R.V.S. College of Engineering,ENGINEERING
1323,111,GOVERNMENT POLYTECHNIC COLLEGE,POLYTECHNIC
887,7307,Excel college of Engineering and Technology ,ENGINEERING
918,8100,University College of Engineering, BIT Campus, Trichy,ENGINEERING
993,8215,Prime College of Architecture & Planning ,ENGINEERING
961,8144,Sudharsan Engineering College,Pudukkottai,ENGINEERING
1090,9506,EINSTEIN COLLEGE OF ENGINEERING,ENGINEERING
1333,123,GOVERNMENT POLYTECHNIC COLLEGE,POLYTECHNIC
1337,127,GOVERNMENT POLYTECHNIC COLLEGE,POLYTECHNIC
636,4210,Quannta school of software engineering,ENGINEERING
1322,110,GOVERNMENT POLYTECHNIC COLLEGE,POLYTECHNIC
1324,112,GOVERNMENT POLYTECHNIC COLLEGE,POLYTECHNIC
1325,113,GOVERNMENT POLYTECHNIC COLLEGE,POLYTECHNIC
1155,9632,PET ENGINEERING COLLEGE, VALLIOOR,ENGINEERING
1329,119,GOVERNMENT POLYTECHNIC COLLEGE,POLYTECHNIC
1328,118,GOVERNMENT POLYTECHNIC COLLEGE,POLYTECHNIC
1336,126,GOVERNMENT POLYTECHNIC COLLEGE,POLYTECHNIC
1330,120,GOVERNMENT POLYTECHNIC COLLEGE,POLYTECHNIC
1331,121,GOVERNMENT POLYTECHNIC COLLEGE,POLYTECHNIC
1334,124,GOVERNMENT POLYTECHNIC COLLEGE,POLYTECHNIC
1335,125,GOVERNMENT POLYTECHNIC COLLEGE,POLYTECHNIC
1327,117,ALAGAPPA POLYTECHNIC COLLEGE,POLYTECHNIC
1350,140,GOVERNMENT POLYTECHNIC COLLEGE,POLYTECHNIC
1340,130,GOVERNMENT POLYTECHNIC COLLEGE,POLYTECHNIC
1341,131,GOVERNMENT POLYTECHNIC COLLEGE,POLYTECHNIC
1360,176,GOVERNMENT POLYTECHNIC COLLEGE FOR WOMEN,POLYTECHNIC
1343,133,GOVERNMENT POLYTECHNIC COLLEGE,POLYTECHNIC
1351,141,GOVERNMENT POLYTECHNIC COLLEGE,POLYTECHNIC
1344,134,GOVERNMENT POLYTECHNIC COLLEGE,POLYTECHNIC
1355,145,GOVERNMENT POLYTECHNIC COLLEGE,POLYTECHNIC
1358,148,GOVERNMENT POLYTECHNIC COLLEGE,POLYTECHNIC
1354,144,GOVERNMENT POLYTECHNIC COLLEGE,POLYTECHNIC
1348,138,GOVERNMENT POLYTECHNIC COLLEGE,POLYTECHNIC
1357,147,GOVERNMENT POLYTECHNIC COLLEGE,POLYTECHNIC
1345,135,GOVERNMENT POLYTECHNIC COLLEGE,POLYTECHNIC
1356,146,GOVERNMENT POLYTECHNIC COLLEGE,POLYTECHNIC
1352,142,GOVERNMENT POLYTECHNIC COLLEGE,POLYTECHNIC
1339,129,GOVERNMENT POLYTECHNIC COLLEGE,POLYTECHNIC
1346,136,GOVERNMENT POLYTECHNIC COLLEGE,POLYTECHNIC
627,4201,A K T MEMORIAL COLLEGE OF ENGINEERING AND TECHNOLOGY,ENGINEERING
1353,143,GOVERNMENT POLYTECHNIC COLLEGE,POLYTECHNIC
1361,177,GOVERNMENT POLYTECHNIC COLLEGE FOR WOMEN,POLYTECHNIC
1362,178,B C M  WOMENS POLYTECHNIC COLLEGE,POLYTECHNIC
1363,201,P T LEE CHENGALVARAYA NAICKER POLYTECHNIC COLLEGE,POLYTECHNIC
1347,137,GOVERNMENT POLYTECHNIC COLLEGE,POLYTECHNIC
915,7376,BANNARI AMMAN INSTITUTE OF TECHNOLOGY,ENGINEERING
1365,204,BAKTHAVATSALAM POLYTECHNIC COLLEGE,POLYTECHNIC
1390,304,ADHIPARASAKTHI POLYTECHNIC COLLEGE,POLYTECHNIC
1366,205,A M K TECHNOLOGICAL POLYTECHNIC COLLEGE,POLYTECHNIC
1367,207,RAJAGOPAL POLYTECHNIC COLLEGE,POLYTECHNIC
1368,208,MUTHIAH POLYTECHNIC COLLEGE,POLYTECHNIC
1387,301,V RAMAKRISHNA POLYTECHNIC COLLEGE,POLYTECHNIC
1370,213,SRI KRISHNA POLYTECHNIC COLLEGE,POLYTECHNIC
1372,215,SAKTHI POLYTECHNIC COLLEGE,POLYTECHNIC
1374,218,SRINIVASA SUBBARAYA POLYTECHNIC COLLEGE,POLYTECHNIC
1384,275,G R G POLYTECHNIC COLLEGE ,POLYTECHNIC
1379,224,ANNAMALAI POLYTECHNIC COLLEGE,POLYTECHNIC
1375,219,VALIVALAM DESIKAR POLYTECHNIC COLLEGE,POLYTECHNIC
1792,1234567,Demo College 2,ENGINEERING
1383,231,N P A CENTENARY POLYTECHNIC COLLEGE,POLYTECHNIC
944,8126,M.A.M College of Engineering,ENGINEERING
1380,227,MOHAMMED SATHAK POLYTECHNIC COLLEGE,POLYTECHNIC
1381,228,ARASAN GANESAN POLYTECHNIC COLLEGE,POLYTECHNIC
1389,303,SRI NALLALAGHU POLYTECHNIC COLLEGE,POLYTECHNIC
1376,220,PATTUKKOTTAI POLYTECHNIC COLLEGE,POLYTECHNIC
1371,214,E I T POLYTECHNIC COLLEGE,POLYTECHNIC
1386,280,A D J DHARMAMBAL POLYTECHNIC COLLEGE,POLYTECHNIC
1377,222,ARULMIGU PALANIANDAVAR POLYTECHNIC COLLEGE,POLYTECHNIC
1373,217,S S M POLYTECHNIC COLLEGE,POLYTECHNIC
1388,302,MEENAKSHI AMMAL POLYTECHNIC COLLEGE,POLYTECHNIC
1395,311,SWAMY ABEDHANANDHA POLYTECHNIC COLLEGE,POLYTECHNIC
1392,306,SRIRAM POLYTECHNIC COLLEGE,POLYTECHNIC
1382,230,KAMARAJ POLYTECHNIC COLLEGE,POLYTECHNIC
1413,334,C C M RAMAKRISHNA POLYTECHNIC COLLEGE,POLYTECHNIC
1410,331,SUBRAMANIAN POLYTECHNIC COLLEGE,POLYTECHNIC
1405,325,ANNAI J K K SAMPOORANI AMMAL POLYTECHNIC COLLEGE,POLYTECHNIC
1398,315,SANKARA POLYTECHNIC COLLEGE,POLYTECHNIC
1417,340,K L NAGASWAMY MEMORIAL POLYTECHNIC COLLEGE,POLYTECHNIC
1414,335,THE KARUR POLYTECHNIC COLLEGE,POLYTECHNIC
1401,319,NANJAPPA  POLYTECHNIC COLLEGE,POLYTECHNIC
1402,320,KONGU POLYTECHNIC COLLEGE,POLYTECHNIC
1403,323,THIRU RAMAKRISHNA NALLAMMAI POLYTECHNIC COLLEGE,POLYTECHNIC
1138,9615,MARIA COLLEGE OF ENGINEERING AND TECHNOLOGY,ENGINEERING
1400,318,NANJIAH LINGAMMAL POLYTECHNIC COLLEGE,POLYTECHNIC
1396,312,PANDIYAN POLYTECHNIC COLLEGE,POLYTECHNIC
1407,327,MUTHAYAMMAL POLYTECHNIC COLLEGE,POLYTECHNIC
1404,324,AL-AMEEN POLYTECHNIC COLLEGE,POLYTECHNIC
1411,332,A V C C POLYTECHNIC COLLEGE,POLYTECHNIC
1412,333,SHANMUGA POLYTECHNIC COLLEGE,POLYTECHNIC
1423,347,ARULMIGU KALASALINGAM POLYTECHNIC COLLEGE,POLYTECHNIC
1409,329,C S I POLYTECHNIC COLLEGE,POLYTECHNIC
1399,317,SREE NARAYANAGURU POLYTECHNIC COLLEGE,POLYTECHNIC
1418,341,RATHINAVEL SUBRAMANIAM POLYTECHNIC COLLEGE,POLYTECHNIC
1419,342,THE CHRISTIAN INST. FOR TECH EDN POLYTECH COLLEGE,POLYTECHNIC
1420,343,THANGAM-MUTHU POLYTECHNIC COLLEGE,POLYTECHNIC
1421,345,THANAPANDIYAN POLYTECHNIC COLLEGE,POLYTECHNIC
1422,346,SEIKALATHUR KAMATCHIAMMAN POLYTECHNIC COLLEGE,POLYTECHNIC
1416,337,M I E T POLYTECHNIC COLLEGE,POLYTECHNIC
1424,348,RAMU SEETHA POLYTECHNIC COLLEGE,POLYTECHNIC
1438,363,SRINIVASA POLYTECHNIC COLLEGE,POLYTECHNIC
1455,382,ADHIYAMAAN POLYTECHNIC COLLEGE,POLYTECHNIC
1446,372,PANIMALAR POLYTECHNIC COLLEGE,POLYTECHNIC
1443,368,KALAIVANAR N S K POLYTECHNIC COLLEGE,POLYTECHNIC
1428,352,LAKSHMIAMMAL POLYTECHNIC COLLEGE,POLYTECHNIC
1431,355,ST XAVIERS POLYTECHNIC COLLEGE,POLYTECHNIC
1432,356,MORNING STAR POLYTECHNIC COLLEGE,POLYTECHNIC
1433,357,NOORUL ISLAM POLYTECHNIC COLLEGE,POLYTECHNIC
1434,358,SRI VENKATESWARA POLYTECHNIC COLLEGE,POLYTECHNIC
1435,359,THAI MOOGAMBIGAI POLYTECHNIC COLLEGE,POLYTECHNIC
1408,328,K S RENGASAMY INSTITUTE OF TECHNOLOGY,POLYTECHNIC
1437,362,RAJAJI INSTITUTE OF TECHNOLOGY,POLYTECHNIC
1442,367,MSP VELAYUTHANADAR LAKSHMITHAIAMMAL  POLY.COLLEGE,POLYTECHNIC
1439,364,G M S  M A V M M POLYTECHNIC COLLEGE,POLYTECHNIC
1440,365,PARK AMC POLYTECHNIC COLLEGE,POLYTECHNIC
1441,366,ARULMIGU SENTHILANDAVAR POLYTECHNIC COLLEGE,POLYTECHNIC
1454,381,SREE KRISHNA POLYTECHNIC COLLEGE,POLYTECHNIC
1452,379,I R T POLYTECHNIC COLLEGE,POLYTECHNIC
1444,370,PALLAVAN POLYTECHNIC COLLEGE,POLYTECHNIC
1447,373,THIRU SEVEN HILLS POLYTECHNIC COLLEGE,POLYTECHNIC
1448,374,C P C L POLYTECHNIC COLLEGE,POLYTECHNIC
1430,354,GOMATHI AMBAL POLYTECHNIC COLLEGE,POLYTECHNIC
1429,353,S A RAJA'S POLYTECHNIC COLLEGE,POLYTECHNIC
1449,375,MODERATOR GNANADASAN POLYTECHNIC COLLEGE,POLYTECHNIC
1426,350,SRI SOWDAMBIKA POLYTECHNIC COLLEGE,POLYTECHNIC
1450,377,N A MANJAMMAL POLYTECHNIC COLLEGE,POLYTECHNIC
843,7211,STUDY WORLD COLLEGE OF ENGINEERING, COIMBATORE,ENGINEERING
889,7309,EXCEL ENGINEERING COLLEGE,ENGINEERING
1458,385,SRI BALAJI POLYTECHNIC COLLEGE,POLYTECHNIC
1048,9204,Kamaraj College of Engineering and Technology ,ENGINEERING
1453,380,I R T POLYTECHNIC COLLEGE,POLYTECHNIC
867,7236,Pollachi institute of engineering and technology, pollachi,ENGINEERING
846,7215,Nehru Institute of Information Technology and Management ,ENGINEERING
897,7317,M.P. NACHIMUTHU M. JAGANATHAN ENGINEERING COLLEGE,ENGINEERING
886,7306,EXCEL COLLEGE OF ARCHITECTURE AND PLANNING,ENGINEERING
895,7315,K.S.R. COLLEGE OF ENGINEERING,ENGINEERING
882,7302,Al ameen Engineering College (Autonomous),ENGINEERING
927,8109,Holy Angels School of Business,ENGINEERING
852,7221,SVS School of Architecture,ENGINEERING
900,7320,MAHARAJA PRITHVI ENGINEERING COLLEGE,ENGINEERING
899,7319,MAHARAJA ENGINEERING COLLEGE FOR WOMEN,ENGINEERING
898,7318,MAHARAJA ENGINEERING COLLEGE,ENGINEERING
1460,387,SRI KRISHNA POLYTECHNIC COLLEGE,POLYTECHNIC
1461,388,RANIPET INSTITUTE OF TECHNOLOGY,POLYTECHNIC
894,7314,J.K.K.MUNIRAJAH SCHOOL OF ARCHITECTURE,ENGINEERING
1466,409,HIET POLYTECHNIC COLLEGE,POLYTECHNIC
890,7310,GEM BUSINESS ACADEMY,ENGINEERING
1465,408,SIGA POLYTECHNIC COLLEGE,POLYTECHNIC
1464,405,INSTITUTE OF CERAMIC TECHNOLOGY,POLYTECHNIC
1467,410,S M P A INSTITUTE OF PRINTING TECHNOLOGY,POLYTECHNIC
1457,384,VIGNESH POLYTECHNIC COLLEGE,POLYTECHNIC
1459,386,DR M G R POLYTECHNIC COLLEGE,POLYTECHNIC
888,7308,EXCEL COLLEGE OF TECHNOLOGY,ENGINEERING
509,1137,ANNAI MIRA COLLEGE OF ENGINEERING AND TECHNOLOGY ,ENGINEERING
1481,510,RUDHRAVENI MUTHUSAMY POLYTECHNIC COLLEGE,POLYTECHNIC
1468,413,INSTITUTE OF TOOL ENGINEERING,POLYTECHNIC
1480,509,ER. PERUMAL MANIMEKALAI POLYTECHNIC COLLEGE,POLYTECHNIC
1482,511,SRI RAMAKRISHNA POLYTECHNIC COLLEGE,POLYTECHNIC
734,6202,Annai mathammal sheela Engineering college ,ENGINEERING
505,1133,Annai Veilankanni's college of Engineering,ENGINEERING
1793,123456789,Demo college,ENGINEERING
821,7153,Asian College of Engineering and Technology ,ENGINEERING
522,2103,Arignar Anna institute of science and technology ,ENGINEERING
1484,513,LATHA MATHAVAN POLYTECHNIC COLLEGE,POLYTECHNIC
1074,9230,Arulmurugan College Of Engineering, Karur,ENGINEERING
656,5101,Adhiparasakthi College of Engineering,ENGINEERING
769,7100,Anna University, Regional Campus Coimbatore,ENGINEERING
1473,501,JAYARAJ ANNAPACKIAM C S I POLYTECHNIC COLLEGE,POLYTECHNIC
1475,503,S A POLYTECHNIC COLLEGE,POLYTECHNIC
1478,507,PRIYADARSHINI POLYTECHNIC COLLEGE,POLYTECHNIC
1488,517,KRISHNASAMY MEMORIAL POLYTECHNIC COLLEGE,POLYTECHNIC
1479,508,MARUTHI POLYTECHNIC COLLEGE,POLYTECHNIC
1474,502,SRI SAIRAM POLYTECHNIC COLLEGE,POLYTECHNIC
1477,506,KUMARAN POLYTECHNIC COLLEGE,POLYTECHNIC
1487,516,VENKATESWARA POLYTECHNIC COLLEGE,POLYTECHNIC
1483,512,SRI VENKATESWARA POLYTECHNIC COLLEGE,POLYTECHNIC
1496,528,SEMBODAI R V POLYTECHNIC COLLEGE,POLYTECHNIC
1501,535,RAJADESINGH POLYTECHNIC COLLEGE,POLYTECHNIC
871,7240,DHAANISH AHMED INSTITUTE OF TECHNOLOGY,COIMBATORE,ENGINEERING
1497,529,K A R POLYTECHNIC COLLEGE,POLYTECHNIC
1092,9508,Government College of Engineering,ENGINEERING
1006,8301,Government College of Engineering Srirangam ,ENGINEERING
1489,519,SCAD GRAMODHAYA POLYTECHNIC COLLEGE,POLYTECHNIC
779,7111,Jansons Institute of Technology ,ENGINEERING
1012,9104,Fatima Michael College of engineering and technology ,ENGINEERING
1510,547,S R I POLYTECHNIC COLLEGE,POLYTECHNIC
1507,544,S M ARUMUGAM POLYTECHNIC COLLEGE,POLYTECHNIC
1498,532,SRI KRISHNA POLYTECHNIC COLLEGE,POLYTECHNIC
1492,522,MURUGESAN INSTITUTE OF TECHNOLOGY,POLYTECHNIC
1493,523,SRI RAGAVENDRA POLYTECHNIC COLLEGE,POLYTECHNIC
1494,525,K S R POLYTECHNIC COLLEGE,POLYTECHNIC
1506,542,LAKSHMI NARAYANA POLYTECHNIC COLLEGE,POLYTECHNIC
1500,534,PADALESWARAR POLYTECHNIC COLLEGE,POLYTECHNIC
599,4106,Dhaanish Ahmed College of Engineering ,ENGINEERING
1503,539,ANNDAVAR POLYTECHNIC COLLEGE,POLYTECHNIC
1509,546,THE KAVERY POLYTECHNIC COLLEGE,POLYTECHNIC
1504,540,LITTLE FLOWER POLYTECHNIC COLLEGE,POLYTECHNIC
1490,520,SRI MUTHALAMMAN POLYTECHNIC COLLEGE,POLYTECHNIC
1499,533,PAAVAI POLYTECHNIC COLLEGE,POLYTECHNIC
1508,545,VIVEKANANDA POLYTECHNIC COLLEGE,POLYTECHNIC
519,1201,Jaya School of Architecture ,ENGINEERING
1505,541,SRI DURGADEVI POLYTECHNIC COLLEGE,POLYTECHNIC
1535,573,CHANDY POLYTECHNIC COLLEGE,POLYTECHNIC
1514,551,DHANALAKSHMI SRINIVASAN POLYTECHNIC COLLEGE,POLYTECHNIC
668,5113,KINGSTON ENGINEERING COLLEGE,ENGINEERING
1135,9612,Loyola Institute of Technology and Science ,ENGINEERING
1534,572,APOLLO POLYTECHNIC COLLEGE,POLYTECHNIC
1512,549,P G P POLYTECHNIC COLLEGE,POLYTECHNIC
1520,558,D P C POLYTECHNIC COLLEGE,POLYTECHNIC
1515,552,BHARATH POLYTECHNIC COLLEGE,POLYTECHNIC
1537,576,P A POLYTECHNIC COLLEGE,POLYTECHNIC
1516,553,SRI VENKATACHALAPATHY POLYTECHNIC COLLEGE,POLYTECHNIC
1529,567,JAYA POLYTECHNIC COLLEGE,POLYTECHNIC
1525,563,JOHN BOSCO POLYTECHNIC COLLEGE,POLYTECHNIC
1518,555,MURUGA POLYTECHNIC COLLEGE,POLYTECHNIC
1531,569,J J POLYTECHNIC COLLEGE,POLYTECHNIC
1532,570,PONNAIYAH RAMAJAYAM POLYTECHNIC COLLEGE,POLYTECHNIC
1530,568,UDAYA POLYTECHNIC COLLEGE,POLYTECHNIC
1526,564,SRI ADHISANKARAR POLYTECHNIC COLLEGE,POLYTECHNIC
1527,565,LALGUDI CO-OPERATIVE POLYTECHNIC COLLEGE,POLYTECHNIC
1528,566,PASTOR LENSSEN POLYTECHNIC COLLEGE,POLYTECHNIC
1511,548,ARIES POLYTECHNIC COLLEGE,POLYTECHNIC
1519,556,THIRUTHANI POLYTECHNIC COLLEGE,POLYTECHNIC
1521,559,P V POLYTECHNIC COLLEGE,POLYTECHNIC
492,1120,JAYA SAKTHI ENGINEERING COLLEGE,ENGINEERING
1517,554,CHEYYAR POLYTECHNIC COLLEGE,POLYTECHNIC
1536,574,MAHENDRA POLYTECHNIC COLLEGE,POLYTECHNIC
1533,571,VANDAYAR POLYTECHNIC COLLEGE,POLYTECHNIC
1547,587,A R J POLYTECHNIC COLLEGE,POLYTECHNIC
1546,586,PONNAIYAH RAMAJAYAM POLYTECHNIC COLLEGE,POLYTECHNIC
1540,579,SURYA POLYTECHNIC COLLEGE,POLYTECHNIC
1564,705,KONGUNADU POLYTECHNIC COLLEGE,POLYTECHNIC
1560,701,VETRI VINAYAHA POLYTECHNIC COLLEGE,POLYTECHNIC
1543,582,MOTHER TERASA POLYTECHNIC COLLEGE,POLYTECHNIC
1544,583,SAKTHI INSTITUTE OF FASHION TECHNOLOGY,POLYTECHNIC
1554,594,P S R POLYTECHNIC COLLEGE,POLYTECHNIC
1559,618,BHARATH INST OF CATRNG TECNLGY & HOTEL MNGT,POLYTECHNIC
1545,584,SUDHARSAN POLYTECHNIC COLLEGE,POLYTECHNIC
1550,590,THE KONGU POLYTECHNIC COLLEGE,POLYTECHNIC
1538,577,R V S POLYTECHNIC COLLEGE,POLYTECHNIC
1557,598,THE KAAVERY INSTITUTE OF TECHNOLOGY,POLYTECHNIC
1551,591,KONGHU VELALAR POLYTECHINIC COLLEGE,POLYTECHNIC
1552,592,M A M POLYTECHNIC COLLEGE,POLYTECHNIC
1541,580,F X POLYTECHNIC COLLEGE,POLYTECHNIC
1549,589,CHENDHURAN POLYTECHNIC COLLEGE,POLYTECHNIC
1553,593,NAGA SIVA POLYTECHNIC COLLEGE,POLYTECHNIC
1558,599,MAHARANI POLYTECHNIC COLLEGE,POLYTECHNIC
1556,597,SRINIVASAN POLYTECHNIC COLLEGE,POLYTECHNIC
1548,588,ARULMURUGAN POLYTECHNIC COLLEGE,POLYTECHNIC
1561,702,AAROORAN POLYTECHNIC COLLEGE,POLYTECHNIC
1562,703,ELUMALAIYAN POLYTECHNIC COLLEGE,POLYTECHNIC
1565,706,MASS POLYTECHNIC COLLEGE,POLYTECHNIC
1563,704,MAISURII  POLYTECHNIC COLLEGE,POLYTECHNIC
1567,710,PAVENDAR BHARATHIDASAN POLYTECHNIC COLLEGE,POLYTECHNIC
1581,724,MUSIRI INSTITUTE OF TECHNOLOGY,POLYTECHNIC
1586,729,KARTHIKEYA POLYTECHNIC COLLEGE,POLYTECHNIC
1569,712,SRI BHARATHI VELU POLYTECHNIC COLLEGE,POLYTECHNIC
1282,2719,Sri Ramakrishna Engineering College,
1579,722,UDHAYAM POLYTECHNIC COLLEGE,POLYTECHNIC
1572,715,SRI RENGA POLYTECHNIC COLLEGE,POLYTECHNIC
1573,716,N P R POLYTECHNIC COLLEGE.,POLYTECHNIC
1574,717,SRI VENKATESHWARAA POLYTECHNIC COLLEGE,POLYTECHNIC
1575,718,THE SURABI COLLEGE OF POLYTECHNIC,POLYTECHNIC
1576,719,NATIONAL INSTITUTE OF POLYTECHNIC,POLYTECHNIC
1577,720,P S N POLYTECHNIC COLLEGE,POLYTECHNIC
1590,734,KOTTAI MARIAMMAN POLYTECHNIC COLLEGE,POLYTECHNIC
1585,728,BHAVANI POLYTECHNIC COLLEGE,POLYTECHNIC
1578,721,ROYAL POLYTECHNIC COLLEGE,POLYTECHNIC
1583,726,P S N INSTITUTE OF TECHNOLOGY,POLYTECHNIC
1584,727,SRI RAJIV GANDHI POLYTECHNIC COLLEGE,POLYTECHNIC
1592,736,SHREE  MARUTHI POLYTECHNIC COLLEGE,POLYTECHNIC
1570,713,SUDHARSHANA POLYTECHNIC COLLEGE,POLYTECHNIC
1587,730,SRI RAMAKRISHNA POLYTECHNIC COLLEGE,POLYTECHNIC
1588,732,GANDHI POLYTECHNIC COLLEGE,POLYTECHNIC
1595,739,VOICE OF GOD POLYECHNIC COLLEGE,POLYTECHNIC
1580,723,CAPE POLYTECHNIC COLLEGE,POLYTECHNIC
1589,733,SALEM KONGU POLYTECHNIC COLLEGE,POLYTECHNIC
1593,737,PAAVENDHAR POLYTECHNIC COLLEGE,POLYTECHNIC
1596,740,SRI BALAKRISHNA POLYTECHNIC COLLEGE,POLYTECHNIC
1599,743,GUDIYATTAM POLYTECHNIC COLLEGE,POLYTECHNIC
1601,745,RAJALAKSHMI POLYTECHNIC COLLEGE,POLYTECHNIC
1619,765,SIR ISSAC NEWTON POLYTECHNIC COLLEGE,POLYTECHNIC
1600,744,SRI RAMACHANDRA POLYTECHNIC COLLEGE,POLYTECHNIC
1611,757,IMAYAM POLYTECHNIC COLLEGE,POLYTECHNIC
1610,756,JAYARAM POLYTECHNIC COLLEGE,POLYTECHNIC
1605,750,AYYAPPA POLYTECHNIC COLLEGE,POLYTECHNIC
1606,752,SASTHA POLYTECHNIC COLLEGE,POLYTECHNIC
1607,753,MAHATH AMMA POLYTECHNIC COLLEGE,POLYTECHNIC
1620,766,HAJI SHEIK ISMAIL POLYTECHNIC COLLEGE,POLYTECHNIC
1609,755,SRI BHARATHI POLYTECHNIC COLLEGE FOR WOMEN,POLYTECHNIC
1616,762,N V POLYTECHNIC COLLEGE,POLYTECHNIC
1612,758,ANNAI COLLEGE OF POLYTECHNIC COLLEGE,POLYTECHNIC
1614,760,SRI BALAMURUGAN POLYTECHNIC COLLEGE,POLYTECHNIC
1615,761,JAYAM POLYTECHNIC COLLEGE,POLYTECHNIC
1608,754,ST. JOSEPH POLYTECHNIC COLLEGE,POLYTECHNIC
1626,775,UNION CHRISTIAN POLYTECHNIC COLLEGE,POLYTECHNIC
1618,764,SRI RANGANATHAR INSTITUTE OF POLYTECHNIC COLLEGE,POLYTECHNIC
1623,769,ST. MICHEAL POLYTECHNIC COLLEGE,POLYTECHNIC
1621,767,DON BOSCO POLYTECHNIC COLLEGE,POLYTECHNIC
1617,763,THIRUVALLUVAR POLYTECHNIC COLLEGE,POLYTECHNIC
1624,772,PET POLYTECHNIC COLLEGE,POLYTECHNIC
1625,774,UDAYA INSTITUTE OF TECHNOLOGY,POLYTECHNIC
1598,742,CHOLAN INSTITUTE OF TECHNOLOGY,POLYTECHNIC
1635,785,GURU RAAGAVINDRA POLYTECHNIC COLLEGE,POLYTECHNIC
1628,777,VICKRAM POLYTECHNIC COLLEGE,POLYTECHNIC
1638,789,K.K.S. MANI POLYTECHNIC COLLEGE,POLYTECHNIC
1627,776,SRI RAMAKRISHNA POLYTECHNIC COLLEGE,POLYTECHNIC
1630,780,S.VEERASAMY CHETTIAR POLYTECHNIC COLLEGE,POLYTECHNIC
1631,781,C.M. ANNAMALAI POLYTECNIC COLLEGE,POLYTECHNIC
1650,804,SRI SANTHOSHI POLYTECHNIC COLLEGE,POLYTECHNIC
1654,809,SRI SAKTHI POLYTECHNIC COLLEGE,POLYTECHNIC
1634,784,S.V.S POLYTECHNIC COLLEGE,POLYTECHNIC
1653,808,THIRUMALAI-MADHANUR POLYTECHNIC COLLEGE,POLYTECHNIC
1637,788,MIT POLYTECHNIC COLLEGE,POLYTECHNIC
1633,783,SRI KARPAGA POLYTECHNIC COLLEGE,POLYTECHNIC
1641,794,VIGNESHWARA POLYTECHNIC COLLEGE,POLYTECHNIC
1642,795,ST.MARIAM POLYTECHNIC COLLEGE,POLYTECHNIC
1643,796,SREE KUMARAGURU POLYTECHNIC COLLEGE,POLYTECHNIC
1644,797,SRI PADMAM POLYTECHNIC COLLEGE,POLYTECHNIC
1636,786,MARUTAM NELLI POLYTECHNIC COLLEGE,POLYTECHNIC
1646,799,SRI VIGNESH POLYTECHNIC COLLEGE,POLYTECHNIC
1647,801,SRI RAMANA INSTITUTE OF POLYTECHNIC COLLEGE,POLYTECHNIC
1632,782,S S K POLYTECHNIC COLLEGE,POLYTECHNIC
1645,798,SRI VINAYAGA POLYTECHNIC COLLEGE,POLYTECHNIC
1649,803,AISHWARYA POLYTECHNIC COLLEGE,POLYTECHNIC
1640,791,SRI S.RAMASAMY NAIDU MEMORIAL POLYTECHNIC COLLEGE,POLYTECHNIC
1652,806,VETHATHIRI MAHARISHI INSTITUTE OF TECHNOLOGY,POLYTECHNIC
1655,810,ST. JOSEPH'S POLYTECHNIC COLLEGE,POLYTECHNIC
1656,811,SRI ANNAMALAI POLYTECHNIC COLLEGE,POLYTECHNIC
1678,838,VIDHYALAKSHMI POLYTECHNIC COLLEGE,POLYTECHNIC
1658,813,SREE ARUMUGHAM POLYTECHNIC COLLEGE,POLYTECHNIC
1679,839,KALA PANDIAN POLYTECHNIC COLLEGE,POLYTECHNIC
1660,815,NETHAJI SUBASH CHANDRA BOSE POLYTECHNIC COLLEGE,POLYTECHNIC
1663,818,ACHARYA POLYTECHNIC COLLEGE,POLYTECHNIC
1681,841,SHRI RAMANAS ABC POLYTECHNIC COLLEGE,POLYTECHNIC
1667,822,U.S.P.POLYTECHNIC COLLEGE,POLYTECHNIC
1664,819,SRI THIAGARAJAR POLYTECHNIC COLLEGE,POLYTECHNIC
1665,820,JESU POLYTECHNIC COLLEGE,POLYTECHNIC
1672,829,THIRUMALAI POLYTECHNIC COLLEGE,POLYTECHNIC
1673,830,MUTHAYAMMAL POLYTECHNIC INSTITUTION,POLYTECHNIC
1668,823,BWDA POLYTECHNIC COLLEGE,POLYTECHNIC
1669,824,NACHIAPPA SWAMIGAL POLYTECHNIC COLLEGE,POLYTECHNIC
1671,827,G.P.POLYTECHNIC COLLEGE,POLYTECHNIC
1657,812,SURYA POLYTECHNIC  COLLEGE,POLYTECHNIC
1662,817,SHRI KRISHNAA POLYTECHNIC COLLEGE,POLYTECHNIC
1674,831,RAASI POLYTECHNIC COLLEGE,POLYTECHNIC
1675,833,S.M.S. POLYTECHNIC COLLEGE,POLYTECHNIC
1659,814,ANNAI MADHA POLYTECHNIC COLLEGE,POLYTECHNIC
1677,837,K E T POLYTECHNIC COLLEGE,POLYTECHNIC
1682,842,DEVANGAR POLYTECHNIC COLLEGE,POLYTECHNIC
1666,821,K.M.G.POLYTECHNIC COLLEGE,POLYTECHNIC
1676,836,S. THANGAPAZHAM POLYTECHNIC COLLEGE,POLYTECHNIC
493,1121,SAMS COLLEGE OF ENGINEERING AND TECHNOLOGY,ENGINEERING
1683,843,SRI MAHALAKSHMI POLYTECHNIC COLLEGE,POLYTECHNIC
1691,853,GOLDEN POLYTECHNIC COLLEGE,POLYTECHNIC
1693,857,V.K.P. POLYTECHNIC COLLEGE,POLYTECHNIC
1688,849,JEYA POLYTECHNIC COLLEGE,POLYTECHNIC
1687,848,KUMARAN POLYTECHNIC COLLEGE,POLYTECHNIC
1705,869,RANGANATHAN POLYTECHNIC COLLEGE,POLYTECHNIC
1689,850,THAAI POLYTECHNIC COLLEGE,POLYTECHNIC
1708,872,VELLORE POLYTECHNIC COLLEGE,POLYTECHNIC
1698,862,SWAMI VIVEKANANDA POLYTECHNIC COLLEGE,POLYTECHNIC
1685,845,SRI ANNAI POLYTECHNIC COLLEGE,POLYTECHNIC
1696,860,BHARATH NIKETAN POLYTECHNIC COLLEGE,POLYTECHNIC
1694,858,DR. KALAM POLYTECHNIC COLLEGE,POLYTECHNIC
1706,870,PSV POLYTECHNIC COLLEGE,POLYTECHNIC
1690,851,MEENAKSHI POLYTECHNIC COLLEGE,POLYTECHNIC
1686,846,HI-TECH POLYTECHNIC COLLEGE,POLYTECHNIC
1699,863,SREE VAIKUNDAR POLYTECHNIC COLLEGE,POLYTECHNIC
1695,859,T.J.S. POLYTECHNIC COLLEGE,POLYTECHNIC
1702,866,VIVEKANANDA POLYTECHNIC COLLEGE,POLYTECHNIC
1703,867,ST. JOSEPH'S POLYTECHNIC COLLEGE,POLYTECHNIC
1704,868,MAHARAJA POLYTECHNIC COLLEGE,POLYTECHNIC
1700,864,MRK POLYTECHNIC COLLEGE,POLYTECHNIC
1707,871,M.M POLYTECHNIC COLLEGE,POLYTECHNIC
1697,861,ST. XAVIER'S POLYTECHNIC COLLEGE,POLYTECHNIC
1726,897,RANE POLYTECHNIC TECHNICAL CAMPUS,POLYTECHNIC
515,1179,ST.PETER'S ENGINEERING COLLEGE,ENGINEERING
1712,877,SSR POLYTECHNIC COLLEGE,POLYTECHNIC
1728,899,MERIT POLYTECHNIC COLLEGE,POLYTECHNIC
1714,880,K.S.M. POLYTECHNIC COLLEGE,POLYTECHNIC
1715,881,HINDUSTHAN POLYTECHNIC COLLEGE,POLYTECHNIC
1727,898,RAMYA SATHIANATHAN POLYTECHNIC COLLEGE,POLYTECHNIC
1717,887,KAPI POLYTECHNIC COLLEGE,POLYTECHNIC
1735,909,SENTHUR POLYTECHNIC COLLEGE,POLYTECHNIC
1719,890,KAMATCHI POLYTECHNIC COLLEGE,POLYTECHNIC
1724,895,MARIA POLYTECHNIC COLLEGE,POLYTECHNIC
1721,892,VENKATRAMANA POLYTECHNIC COLLEGE,POLYTECHNIC
1723,894,ANGEL POLYTECHNIC COLLEGE,POLYTECHNIC
1737,912,SRI MOOGAMBIGAI POLYTEHNIC COLLEGE,POLYTECHNIC
1725,896,E G S PILLAI POLYTECHNIC COLLEGE,POLYTECHNIC
1736,911,PARIMALA PANDURANGAN POLYTECHNIC COLLEGE,POLYTECHNIC
1710,875,KONGUNADU POLYTECHNIC COLLEGE,POLYTECHNIC
1722,893,SRI VENKATESWARA POLYTECHNIC COLLEGE,POLYTECHNIC
1730,902,SITA RAJARAM POLYTECHNIC COLLEGE,POLYTECHNIC
1713,879,CMS POLYTECHNIC COLLEGE,POLYTECHNIC
1732,906,JEEVAN POLYTECHNIC COLLEGE,POLYTECHNIC
1733,907,VARADHARAJAN POLYTECHNIC COLLEGE,POLYTECHNIC
1718,888,SADASIVAM KATHIRKAMAVALLI POLYTECHNIC COLLEGE,POLYTECHNIC
1716,885,SRI VATSA POLYTECHNIC COLLEGE,POLYTECHNIC
551,2176,E.V.P. ENGINEERING COLLEGE,ENGINEERING
1739,915,E S POLYTECHNIC COLLEGE,POLYTECHNIC
1756,937,SRI ANDAL NACHIYAR POLYTECHNIC COLLEGE,POLYTECHNIC
1740,916,KONGHU HI-TEK POLYTECHNIC COLLEGE,POLYTECHNIC
1742,918,THIRUMAGAL POLYTECHNIC COLLEGE,POLYTECHNIC
1747,925,P S G PONNAMMAL POLYTECHNIC COLLEGE,POLYTECHNIC
1743,919,St. JUDE'S POLYTECHNIC COLLEGE,POLYTECHNIC
549,2130,SREE SASTHA SCHOOL OF ARCHITECTURE AND PLANNING,ENGINEERING
1764,946,ARASU POLYTECHNIC COLLEGE,POLYTECHNIC
1746,924,P S V POLYTECHNIC COLLEGE,POLYTECHNIC
1757,938,EASWAR POLYTECHNIC COLLEGE,POLYTECHNIC
1748,926,KAMARAJAR POLYTECHNIC COLLEGE,POLYTECHNIC
1741,917,SUTHANTHIRA POLYTECHNIC COLLEGE,POLYTECHNIC
1750,928,AMMAIAPPAR POLYTECHNIC COLLEGE,POLYTECHNIC
1752,933,VELUDAIYAR POLYTECHNIC COLLEGE,POLYTECHNIC
1753,934,VETHAMONICKAM MEMORIAL CSI POLYTECHNIC COLLEGE,POLYTECHNIC
1754,935,JCT POLYTECHNIC COLLEGE,POLYTECHNIC
1755,936,KURINJE  POLYTECHNIC COLLEGE,POLYTECHNIC
1749,927,R V REHA POLYTECHNIC COLLEGE,POLYTECHNIC
1745,921,MODERN POLYTECHNIC COLLEGE,POLYTECHNIC
1759,940,M.S.POLYTECHNIC COLLEGE,POLYTECHNIC
1758,939,DON BOSCO POLYTECHNIC COLLEGE,POLYTECHNIC
1762,944,MADURAI INSTITUTE OF ENGINEERING AND TECHNOLOGY,POLYTECHNIC
1738,913,RATHNA POLYTECHNIC COLLEGE,POLYTECHNIC
1761,943,SRI RANGAPOOPATHI COLLEGE OF ENGINEERING,POLYTECHNIC
1780,211,SRI RAMAKRISHNA MISSION VIDYALAYA POLY. COLLEGE,POLYTECHNIC
1765,947,GKM COLLEGE OF ENGINEERING AND TECHNOLOGY,POLYTECHNIC
1768,950,JAYA INSTITUTE OF TECHNOLOGY,POLYTECHNIC
1779,209,P S G POLYTECHNIC COLLEGE,POLYTECHNIC
1766,948,SHRI SAI BABA POLYTECHNIC COLLEGE,POLYTECHNIC
1771,953,KMV POLYTECHNIC COLLEGE,POLYTECHNIC
1781,212,NACHIMUTHU POLYTECHNIC COLLEGE,POLYTECHNIC
1785,226,P A C RAMASAMY RAJA'S POLYTECHNIC COLLEGE,POLYTECHNIC
1774,956,SRS POLYTECHNIC COLLEGE,POLYTECHNIC
1773,955,NYRUTHI OLYTECHNIC COLLEGE,POLYTECHNIC
1776,116,TAMILNADU POLYTECHNIC COLLEGE,POLYTECHNIC
1782,216,THIAGARAJAR POLYTECHNIC COLLEGE,POLYTECHNIC
1777,175,DR DHARMAMBAL GOVT POLYTECHNIC COLLEGE FOR WOMEN,POLYTECHNIC
1769,951,JAYA COLLEGE OF ENGINEERING AND TECHNOLOGY,POLYTECHNIC
1786,229,SANKAR POLYTECHNIC COLLEGE,POLYTECHNIC
1778,203,MURUGAPPA POLYTECHNIC COLLEGE,POLYTECHNIC
1784,225,V S VELLAICHAMY NADAR POLYTECHNIC COLLEGE,POLYTECHNIC
1783,221,THE SESHASAYEE INSTITUTE OF TECHNOLOGY,POLYTECHNIC
1767,949,VASANTHA MURUGU POLYTECHNIC COLLEGE,POLYTECHNIC
1787,276,PERIYAR CENTENARY POLYTECHNIC COLLEGE,POLYTECHNIC
581,3124,ST.JOSEPH'S INSTITUTE OF TECHNOLOGY,ENGINEERING
1775,101,CENTRAL POLYTECHNIC COLLEGE,POLYTECHNIC
1770,952,MASS POLYTECHNIC COLLEGE,POLYTECHNIC
1772,954,SREE SAKTHI ENGINEERING COLLEGE,POLYTECHNIC
1369,210,C I T SANDWICH POLYTECHNIC COLLEGE,POLYTECHNIC
616,4123,SRI RAMANUJAR ENGINEERING COLLEGE,ENGINEERING
1451,378,I R T POLYTECHNIC COLLEGE,POLYTECHNIC
1394,310,MEENAKSHI KRISHNAN POLYTECHNIC COLLEGE,POLYTECHNIC
1318,104,INSTITUTE OF LEATHER TECHNOLOGY,POLYTECHNIC
1349,139,GOVERNMENT POLYTECHNIC COLLEGE,POLYTECHNIC
1385,279,AYYA NADAR JANAKIAMMAL POLYTECHNIC COLLEGE,POLYTECHNIC
1397,313,ELUMALAI POLYTECHNIC COLLEGE,POLYTECHNIC
1445,371,ANNAI VELANKANNI POLYTECHNIC COLLEGE,POLYTECHNIC
1436,360,CHRIST THE KING INSTI.OF TECHNOLOGY,POLYTECHNIC
1406,326,THE SALEM POLYTECHNIC COLLEGE,POLYTECHNIC
1364,202,RAMAKRISHNA MISSION POLYTECHNIC COLLEGE,POLYTECHNIC
1425,349,SEETHAIAMMAL POLYTECHNIC COLLEGE,POLYTECHNIC
1485,514,AALIM MUHAMMED SALEGH POLYTECHNIC COLLEGE,POLYTECHNIC
615,4122,SRI LAKSHMI AMMAL ENGINEERING COLLEGE,ENGINEERING
1415,336,THANTHAI ROEVER INSTITUTE OF POLYTECHNIC COLLEGE,POLYTECHNIC
1378,223,RUKMINI SHANMUGAM POLYTECHNIC COLLEGE,POLYTECHNIC
1427,351,PASUMPON NETHAJI POLYTECHNIC COLLEGE,POLYTECHNIC
1326,115,GOVERNMENT POLYTECHNIC COLLEGE,POLYTECHNIC
1463,404,GOVERNMENT TECHNICAL TRAINING CENTRE,POLYTECHNIC
1332,122,GOVERNMENT POLYTECHNIC COLLEGE,POLYTECHNIC
1359,149,GOVERNMENT POLYTECHNIC COLLEGE,POLYTECHNIC
1456,383,BHARATH POLYTECHNIC COLLEGE,POLYTECHNIC
1342,132,GOVERNMENT POLYTECHNIC COLLEGE,POLYTECHNIC
1502,538,S B M INSTITUTE OF TECHNOLOGY,POLYTECHNIC
649,4223,THIRUVALLUVAR COLLEGE OF ENGINEERING AND TECHNOLOGY,ENGINEERING
1539,578,T S SRINIVASAN POLYTECHNIC COLLEGE,POLYTECHNIC
1524,562,SRI SITHESWARAR POLYTECHNIC COLLEGE,POLYTECHNIC
1542,581,AMRITA POLYTECHNIC COLLEGE,POLYTECHNIC
1555,595,SHREENIVASA POLYTECHNIC COLLEGE,POLYTECHNIC
1522,560,SAMUEL POLYTECHNIC COLLEGE,POLYTECHNIC
1566,707,MEENAAKSHI RAMASAMY POLYTECHNIC COLLEGE,POLYTECHNIC
1491,521,SUGUNA POLYTECHNIC COLLEGE,POLYTECHNIC
1571,714,THENI KAMMAVAR SANGAM POLYTECHNIC COLLEGE,POLYTECHNIC
1513,550,NANDHA POLYTECHNIC COLLEGE,POLYTECHNIC
1568,711,S R G POLYTECHNIC COLLEGE,POLYTECHNIC
1582,725,THE INDIAN POLYTECHNIC COLLEGE,POLYTECHNIC
650,4224,UNIVERSITY COLLEGE OF ENGINEERING, TINDIVANAM,ENGINEERING
679,5124,SARASWATHI VELU COLLEGE OF ENGINEERING,ENGINEERING
1495,526,SRI AYYAPPA POLYTECHNIC COLLEGE,POLYTECHNIC
1091,9507,FRANCIS XAVIER ENGINEERING COLLEGE,ENGINEERING
680,5125,SHRI SAPTHAGIRI INSTITUTE OF TECHNOLOGY,ENGINEERING
1597,741,NARASIMMA PALLAVAN POLYTECHNIC COLLEGE,POLYTECHNIC
1591,735,EXCEL POLYTECHNIC COLLEGE,POLYTECHNIC
1639,790,PARAMVEER POLYTECHNIC COLLEGE,POLYTECHNIC
1613,759,THIRUVALLUVAR POLYTECHNIC COLLEGE,POLYTECHNIC
1622,768,VIVEKANANDA POLYTECHNIC COLLEGE,POLYTECHNIC
1648,802,ST. JOSEPH  POLYTECHNIC COLLEGE,POLYTECHNIC
712,6120,SAPTHAGIRI COLLEGE OF ENGINEERING,ENGINEERING
1670,825,V.J.P.POLYTECHNIC COLLEGE,POLYTECHNIC
1692,855,RECT POLYTECHNIC COLLEGE,POLYTECHNIC
1701,865,TIRUMALA POLYTECHNIC COLLEGE,POLYTECHNIC
822,7154,PARK INSTITUTE OF ARCHITECTURE,ENGINEERING
1629,778,ADI PARASAKTHI POLYTECHNIC COLLEGE,POLYTECHNIC
1661,816,SHREE VENKATESHWARA HI TECH POLYTECHNIC COLLEGE,POLYTECHNIC
1760,941,PERUNTHALAIVAR K KAMARAJAR POLYTECHNIC COLLEGE,POLYTECHNIC
1711,876,VAANI POLYTECHNIC COLLEGE,POLYTECHNIC
1720,891,THEVANESAM ERUDHAYA AMMAL POLYTECHNIC COLLEGE,POLYTECHNIC
1684,844,MANORA POLYTECHNIC COLLEGE,POLYTECHNIC
1709,874,EVEREST POLYTECHNIC COLLEGE,POLYTECHNIC
1744,920,KA.SO.KA. POLYTECHNIC COLLEGE,POLYTECHNIC
1594,738,SRI RENGESWARAR POLYTECHNIC COLLEGE,POLYTECHNIC
1734,908,KUMARAN POLYTECHNIC COLLEGE,POLYTECHNIC
1604,749,A K T MEMORIAL POLYTECHNIC COLLEGE,POLYTECHNIC
1751,931,JAI KRISHNA POLYTECHNIC COLLEGE,POLYTECHNIC
1729,901,CHERAN POLYTECHNIC COLLEGE,POLYTECHNIC
1763,945,AKY POLYTECHNIC COLLEGE,POLYTECHNIC
747,6215,MAHENDRA COLLEGE OF ENGINEERING,ENGINEERING
746,6214,MAHA BARATHI ENGINEERING COLLEGE,ENGINEERING
835,7203,Akshaya college of engineering and technology,ENGINEERING
765,6233,VETRI VINAYAHA COLLEGE OF ENGINEERING AND TECHNOLOGY,ENGINEERING
772,7104,CHRIST THE KING ENGINEERING COLLEGE,ENGINEERING
901,7321,Nandha College of Technology,ENGINEERING
940,8122,M.A.M.B. SCHOOL,ENGINEERING
1062,9218,Sree Sowdambika College of Engineering Aruppukottai ,ENGINEERING
722,6130,VIVEKANANDHA COLLEGE OF TECHNOLOGY FOR WOMEN,ENGINEERING
1016,9108,KARAIKUDI INSTITUTE OF TECHNOLOGY AND KARAIKUDI INSTITUTE OF MANAGEMENT,ENGINEERING
959,8142,SHRI ANGALA AMMAN COLLEGE OF ENGINEERING AND TECHNOLOGY,ENGINEERING
788,7120,MAHARAJA INSTITUTE OF TECHNOLOGY,ENGINEERING
545,2126,Sri muthukumaran institute of Technology ,ENGINEERING
569,3113,MEASI ACADEMY OF ARCHITECTURE,ENGINEERING
1047,9203,CHRISTIAN COLLEGE OF ENGINEERING AND TECHNOLOGY,ENGINEERING
778,7110,INFO INSTITUTE OF ENGINEERING,ENGINEERING
658,5103,ARULMIGU MEENAKSHI AMMAN COLLEGE OF ENGINEERING,ENGINEERING
1060,9216,SBM COLLEGE OF ENGINEERING AND TECHNOLOGY,ENGINEERING
812,7144,TEJAA SHAKTHI INSTITUTE OF TECHNOLOGY FOR WOMEN,ENGINEERING
814,7146,R V S COLLEGE OF COMPUTER APPLICATION,ENGINEERING
1391,305,ARULMIGU THIRIPURASUNDARIAMMAN POLY. COLLEGE,POLYTECHNIC
1651,805,DON BOSCO POLYTECHNIC  COLLEGE,POLYTECHNIC
626,4178,S.R.M. ENGINEERING COLLEGE,ENGINEERING
596,4103,ARM COLLEGE OF ENGINEERING AND TECHNOLOGY,ENGINEERING
622,4129,VI INSTITUTE OF TECHNOLOGY,ENGINEERING
612,4119,SHRI ANDAL ALAGAR COLLEGE OF ENGINEERING,ENGINEERING
1393,307,VALLIAMMAI POLYTECHNIC COLLEGE,POLYTECHNIC
628,4202,A.C.T. COLLEGE OF ENGINEERING AND TECHNOLOGY,ENGINEERING
631,4205,AKSHEYAA COLLEGE OF ENGINEERING,ENGINEERING
1476,505,P S B POLYTECHNIC COLLEGE,POLYTECHNIC
667,5112,KANCHI PALLAVAN ENGINEERING COLLEGE,ENGINEERING
671,5116,PALLAVA RAJA COLLEGE OF ENGINEERING,ENGINEERING
1523,561,DUSI POLYTECHNIC COLLEGE,POLYTECHNIC
1602,747,SRI RENUGAMBAL POLYTECHNIC COLLEGE,POLYTECHNIC
1603,748,DHIVYA POLYTECHNIC COLLEGE,POLYTECHNIC
670,5115,P.T. LEE CHENGALVARAYA NAICKER COLLEGE OF ENGINEERING AND TECHNOLOGY,ENGINEERING
538,2119,RAJIV GANDHI COLLEGE OF ENGINEERING,ENGINEERING
613,4120,Tagore Engineering College,ENGINEERING
586,3129,ANAND SCHOOL OF ARCHITECTURE,ENGINEERING
621,4128,SRM VALLIAMMAI ENGINEERING COLLEGE,ENGINEERING
553,2178,SRI PADMAVATHY COLLEGE OF ENGINEERING,ENGINEERING
554,2179,V.K.K. VIJAYAN ENGINEERING COLLEGE,ENGINEERING
576,3119,ROYAL INSTITUTE OF MANAGEMENT STUDIES & COMPUTER APPLICATION,ENGINEERING
584,3127,THE NEW ROYAL COLLEGE OF ENGINEERING AND TECHNOLOGY,ENGINEERING
598,4105,ARS COLLEGE OF ENGINEERING,ENGINEERING
603,4110,GOPAL RAMALINGAM MEMORIAL ENGINEERING COLLEGE,ENGINEERING
844,7212,KARPAGAM INSTITUTE OF TECHNOLOGY,ENGINEERING
678,5123,S.K.P. INSTITUTE OF TECHNOLOGY,ENGINEERING
1338,128,GOVERNMENT POLYTECHNIC COLLEGE,POLYTECHNIC
677,5122,S.K.P. ENGINEERING COLLEGE,ENGINEERING
675,5120,SRI RAMANA MAHARISHI COLLEGE OF ENGINEERING,ENGINEERING
761,6229,T.S.M. JAIN COLLEGE OF TECHNOLOGY,ENGINEERING
938,8120,M.A.M. COLLEGE OF ENGINEERING AND TECHNOLOGY,ENGINEERING
481,1109,JAYA SURIYA ENGINEERING COLLEGE,ENGINEERING
482,1110,JOHN BOSCO ENGINEERING COLLEGE,ENGINEERING
494,1122,SEVA RATHNA VALLAL RCK COLLEGE OF ENGINEERING,ENGINEERING
510,1138,SRI JAYARAM INSTITUTE OF ENGINEERING AND TECHNOLOGY,ENGINEERING
480,1108,JAYA ENGINEERING COLLEGE,ENGINEERING
880,7278,SRI KRISHNA COLLEGE OF TECHNOLOGY,ENGINEERING
496,1124,SRI VENKATESWARA COLLEGE OF ENGINEERING AND TECHNOLOGY,ENGINEERING
507,1135,Aalim Muhammed Salegh Academy of Architecture,ENGINEERING
478,1106,INDIRA INSTITUTE OF ENGINEERING AND TECHNOLOGY,ENGINEERING
479,1107,J N N INSTITUTE OF ENGINEERING,ENGINEERING
501,1129,VEL TECH,ENGINEERING
497,1125,SRI VENKATESWARA INSTITUTE OF SCIENCE AND TECHNOLOGY,ENGINEERING
508,1136,SCHOOL OF ARCHITECTURE ST.PETER'S COLLEGE OF ENGINEERING AND TECHNOLOGY,ENGINEERING
474,1102,AALIM MUHAMMED SALEGH ACADEMY OF ARCHITECTURE,ENGINEERING
475,1103,GRT INSTITUTE OF ENGINEERING AND TECHNOLOGY,ENGINEERING
495,1123,SRI KRISHNA COLLEGE OF ENGINEERING,ENGINEERING
506,1134,KUMARAN INSTITUTE OF TECHNOLOGY,ENGINEERING
476,1104,BHAJARANG ENGINEERING COLLEGE,ENGINEERING
874,7243,HINDUSTAN SCHOOL OF ARCHITECTURE,ENGINEERING
537,2118,RAJALAKSHMI SCHOOL OF ARCHITECTURE,ENGINEERING
511,1139,INTERNATIONAL MARITIME ACADEMY,ENGINEERING
512,1176,DEEN DAYAL ENGINEERING COLLEGE,ENGINEERING
514,1178,RAJA RAJESWARI ENGINEERING COLLEGE,ENGINEERING
486,1119,S A Engineering College,ENGINEERING
532,2113,P.B. COLLEGE OF ENGINEERING,ENGINEERING
518,1182,P.M.R. INSTITUTE OF TECHNOLOGY,ENGINEERING
909,7329,VELALAR COLLEGE OF ENGINEERING AND TECHNOLOGY,ENGINEERING
485,1113,R.M.K.Engineering College,ENGINEERING
489,1116,R.M.K. ENGINEERING COLLEGE,ENGINEERING
513,1177,J.A. INSTITUTE OF ENGINEERING AND TECHNOLOGY,ENGINEERING
516,1180,VEL TECH,ENGINEERING
517,1181,DR.M.G.R. ENGINEERING COLLEGE,ENGINEERING
526,2107,KALSAR COLLEGE OF ENGINEERING,ENGINEERING
533,2114,PANIMALAR ENGINEERING COLLEGE,ENGINEERING
520,2101,ALPHA COLLEGE OF ENGINEERING,ENGINEERING
600,4107,DHANALAKSHMI COLLEGE OF ENGINEERING,ENGINEERING
529,2110,JEPPIAAR MAAMALLAN ENGINEERING COLLEGE,ENGINEERING
499,1127,St.Peter's College of Engineering and Technology, Avadi, Chennai ,ENGINEERING
484,1112,R.M.D. Engineering College,ENGINEERING
491,1114,S.A. ENGINEERING COLLEGE,ENGINEERING
540,2121,SAKTHI MARIAMMAN ENGINEERING COLLEGE,ENGINEERING
531,2112,MADHA INSTITUTE OF ENGINEERING AND TECHNOLOGY,ENGINEERING
530,2111,MADHA ENGINEERING COLLEGE,ENGINEERING
521,2102,APOLLO ENGINEERING COLLEGE,ENGINEERING
523,2104,CHENNAI INSTITUTE OF TECHNOLOGY,ENGINEERING
527,2108,KINGS ENGINEERING COLLEGE,ENGINEERING
544,2125,SRI KALAIMAGAL COLLEGE OF ENGINEERING,ENGINEERING
573,3116,MISRIMAL NAVAJEE MUNOTH JAIN ENGINEERING COLLEGE,ENGINEERING
498,1126,J N N Institute of Engineering ,ENGINEERING
941,8123,M.A.R. COLLEGE OF ENGINEERING AND TECHNOLOGY,ENGINEERING
556,3101,ANAND INSTITUTE OF HIGHER TECHNOLOGY,ENGINEERING
575,3118,MOHAMMED SATHAK A.J.COLLEGE OF ENGINEERING,ENGINEERING
562,3106,EASWARI ENGINEERING COLLEGE,ENGINEERING
555,3100,ANNA UNIVERSITY, TARAMANI CAMPUS,ENGINEERING
572,3115,MEENAKSHI SUNDARARAJAN ENGINEERING COLLEGE,ENGINEERING
557,3102,JAGANNATH INSTITUTE OF TECHNOLOGY,ENGINEERING
559,3104,DHANALAKSHMI SRINIVASAN BUSINESS SCHOOL,ENGINEERING
488,1124,SRI VENKATESWARA COLLEGE OF ENGINEERING AND TECHNOLOGY ,ENGINEERING
565,3109,JERUSALEM COLLEGE OF ENGINEERING,ENGINEERING
567,3111,LOYOLA - ICAM COLLEGE OF ENGINEERING AND TECHNOLOGY,ENGINEERING
535,2116,RAJALAKSHMI ENGINEERING COLLEGE,ENGINEERING
547,2128,JAYA COLLEGE OF ENGINEERING AND TECHNOLOGY,ENGINEERING
500,1128,TJS Engineering College,ENGINEERING
543,2124,SREE SASTHA INSTITUTE OF ENGINEERING AND TECHNOLOGY,ENGINEERING
550,2131,PAPNI SCHOOL OF ARCHITECTURE,ENGINEERING
534,2115,Panimalar Institute of Technology ,ENGINEERING
490,1118,Veltech Multitech Dr. Rangarajan Dr. Sakunthala Engineering College,ENGINEERING
546,2127,SRI VENKATESWARA COLLEGE OF ENGINEERING,ENGINEERING
528,2109,LOYOLA INSTITUTE OF TECHNOLOGY,ENGINEERING
558,3103,CENTRAL INSTITUTE OF PLASTICS ENGINEERING AND TECHNOLOGY,ENGINEERING
595,4102,APOLLO PRIYADARSHANAM INSTITUTE OF TECHNOLOGY,ENGINEERING
974,8157,ELIZABETH COLLEGE OF ENGINEERING AND TECHNOLOGY,ENGINEERING
579,3122,SRI SIVASUBRAMANIYA NADAR COLLEGE OF ENGINEERING,ENGINEERING
587,3130,DA VINCI SCHOOL OF DESIGN AND ARCHITECTURE,ENGINEERING
589,3132,ST. MARY'S SCHOOL OF MANAGEMENT STUDIES,ENGINEERING
539,2120,SKR Engineering College ,ENGINEERING
580,3123,ST.JOSEPH'S COLLEGE OF ENGINEERING,ENGINEERING
588,3131,MISRIMAL NAVAJEE MUNOTH JAIN SCHOOL OF ARCHITECTURE,ENGINEERING
591,3134,NATIONAL INSTITUTE OF TECHNICAL TEACHERS TRAINING AND RESEARCH,ENGINEERING
592,3176,AARUPADAI VEEDU INSTITUTE OF TECHNOLOGY,ENGINEERING
593,3177,HINDUSTAN COLLEGE OF ENGINEERING,ENGINEERING
590,3133,JAWAHAR SCHOOL OF ARCHITECTURE PLANNING AND DESIGN,SALIGRAMAM,ENGINEERING
602,4109,GALAXY INSTITUTE OF MANAGEMENT,ENGINEERING
604,4111,INDIRA GANDHI COLLEGE OF ENGINEERING AND TECHNOLOGY FOR WOMEN,ENGINEERING
605,4112,LORD AYYAPPA INSTITUTE OF ENGINEERING AND TECHNOLOGY,ENGINEERING
601,4108,G.K.M. COLLEGE OF ENGINEERING AND TECHNOLOGY,ENGINEERING
582,3125,T.J. INSTITUTE OF TECHNOLOGY,ENGINEERING
975,8158,NELLIANDAVAR INSTITUTE OF TECHNOLOGY,ENGINEERING
594,4101,ADHI COLLEGE OF ENGINEERING AND TECHNOLOGY,ENGINEERING
525,2106,Jeppiaar Institute of technology,ENGINEERING
541,2122,Saveetha Engineering college (Autonomous),ENGINEERING
610,4117,PRINCE SHRI VENKATESHWARA PADMAVATHY ENGINEERING COLLEGE,ENGINEERING
608,4115,PERI INSTITUTE OF TECHNOLOGY,ENGINEERING
577,3120,JEPPIAAR SRR ENGINEERING COLLEGE ,ENGINEERING
624,4176,B.S.ABDUR RAHMAN CRESCENT ENGINEERING COLLEGE,ENGINEERING
625,4177,BHARATH INSTITUTE OF SCIENCE AND TECHNOLOGY,ENGINEERING
635,4209,DR. PAUL'S ENGINEERING COLLEGE,ENGINEERING
1009,9101,C.R. ENGINEERING COLLEGE,ENGINEERING
630,4204,ADHIPARASAKTHI ENGINEERING COLLEGE,ENGINEERING
637,4211,IFET COLLEGE OF ENGINEERING,ENGINEERING
568,3112,MARG Institute of Design and Architecture Swarnabhoomi (MIDAS),ENGINEERING
632,4206,ANNAI TERESA COLLEGE OF ENGINEERING,ENGINEERING
611,4118,RRASE COLLEGE OF ENGINEERING,ENGINEERING
633,4207,C.K. COLLEGE OF ENGINEERING & TECHNOLOGY,ENGINEERING
629,4203,A.R. ENGINEERING COLLEGE,ENGINEERING
564,3108,Jeppiaar Engineering College ,ENGINEERING
574,3117,MOHAMED SATHAK A.J ACADEMY OF ARCHITECTURE,ENGINEERING
1010,9102,CENTRAL ELECTROCHEMICAL RESEARCH INSTITUTE (CSIR) KARAIKUDI,ENGINEERING
619,4126,SRI VENKATESWARAA COLLEGE OF TECHNOLOGY,ENGINEERING
623,4130,ANNAI VEILANKANNI'S COLLEGE OF ENGINEERING,ENGINEERING
548,2129,St Joseph college of Engineering ,ENGINEERING
566,3110,KCG College of Technology,ENGINEERING
664,5109,Global Institute of Engineering and Technology,ENGINEERING
1045,9201,BHARATH NIKETAN ENGINEERING COLLEGE,ENGINEERING
642,4217,S.R.I COLLEGE OF ENGINEERING AND TECHNOLOGY,ENGINEERING
644,4219,SRI ARAVINDAR ENGINEERING COLLEGE,ENGINEERING
1043,9176,Alagappa Chettiar Government College of Engineering and Technology,ENGINEERING
669,5114,OXFORD COLLEGE OF ENGINEERING,ENGINEERING
655,4276,PERUMAL SAMI RISHI ENGINEERING COLLEGE,ENGINEERING
665,5110,J E I MATHAAJEE COLLEGE OF ENGINEERING,ENGINEERING
663,5108,GANADIPATHY TULSI'S JAIN ENGINEERING COLLEGE,ENGINEERING
640,4214,KRS COLLEGE OF ENGINEERING,ENGINEERING
654,4228,VEDHANTHA INSTITUTE OF TECHNOLOGY,ENGINEERING
662,5107,G.G.R. COLLEGE OF ENGINEERING,ENGINEERING
666,5111,ARUNAI COLLEGE OF ENGINEERING,ENGINEERING
639,4213,KRISHNASAMY COLLEGE OF ENGINEERING AND TECHNOLOGY,ENGINEERING
643,4218,SARASWATHY COLLEGE OF ENGINEERING AND TECHNOLOGY,ENGINEERING
676,5121,RANIPPETTAI ENGINEERING COLLEGE,ENGINEERING
673,5118,PODHIGAI COLLEGE OF ENGINEERING AND TECHNOLOGY,ENGINEERING
653,4227,V.R.S. COLLEGE OF ENGINEERING AND TECHNOLOGY,ENGINEERING
657,5102,ANNAMALAIAR COLLEGE OF ENGINEERING,ENGINEERING
638,4212,KARPAGA VINAYAGA COLLEGE OF ENGINEERING AND TECHNOLOGY,ENGINEERING
583,3126,THANGAVELU ENGINEERING COLLEGE ,ENGINEERING
1075,9231,CHERAN COLLEGE OF ENGINEERING,ENGINEERING
690,5135,ANNAI MIRA COLLEGE OF ENGINEERING AND TECHNOLOGY,ENGINEERING
618,4125,Sri Sairam Engineering College,ENGINEERING
694,6102,ANNAPOORANA ENGINEERING COLLEGE,ENGINEERING
661,5106,C.  Abdul Hakeem college of engineering and technology,ENGINEERING
686,5131,THANTHAI PERIYAR GOVT INSTITUTE OF TECHNOLOGY,ENGINEERING
705,6113,MAHENDRA ENGINEERING COLLEGE,ENGINEERING
641,4216,Mailam engineering college,ENGINEERING
702,6110,JAYAM COLLEGE OF ENGINEERING AND TECHNOLOGY,ENGINEERING
706,6114,MAHENDRA ENGINEERING COLLEGE FOR WOMEN,ENGINEERING
692,5137,MMES ACADEMY OF ARCHITECTURE,ENGINEERING
683,5128,SRI NANDHANAM COLLEGE OF ENGINEERING AND TECHNOLOGY,ENGINEERING
684,5129,SRI RENUGAMBAL COLLEGE OF ARCHITECTURE,ENGINEERING
647,4222,Surya Group of Institutions ,ENGINEERING
685,5130,ST.JOHN'S COLLEGE OF ENGINEERING AND TECHNOLOGY FOR WOMEN,ENGINEERING
699,6107,GOVERNMENT COLLEGE OF ENGINEERING - BARGUR,ENGINEERING
691,5136,SHRI SITHESWARAR ENGINEERING COLLEGE,ENGINEERING
693,6101,ALPHA INSTITUTE OF MANAGEMENT,ENGINEERING
701,6109,JAYALAKSHMI INSTITUTE OF TECHNOLOGY,ENGINEERING
617,4124,Sri Sai Ram Institute of Technology ,ENGINEERING
695,6103,ARCHANA INSTITUTE OF TECHNOLOGY,ENGINEERING
614,4121,SRI KRISHNA INSTITUTE OF TECHNOLOGY,ENGINEERING
696,6104,COLLEGE OF BUSINESS MANAGEMENT,ENGINEERING
687,5132,THIRUMALAI ENGINEERING COLLEGE,ENGINEERING
698,6106,DR.NAGARATHINAM'S COLLEGE OF ENGINEERING,ENGINEERING
703,6111,KNOWLEDGE BUSINESS SCHOOL,ENGINEERING
708,6116,MAHENDRA INSTITUTE OF TECHNOLOGY,ENGINEERING
739,6207,GNANAMANI COLLEGE OF ENGINEERING,ENGINEERING
1109,9526,S.VEERASAMY CHETTIAR COLLEGE OF ENGINEERING AND TECHNOLOGY,ENGINEERING
719,6127,THE KAVERY ENGINEERING COLLEGE,ENGINEERING
704,6112,KNOWLEDGE INSTITUTE OF TECHNOLOGY,ENGINEERING
723,6131,VIVEKANANDHA INSTITUTE OF ENGINEERING & TECHNOLOGY FOR WOMEN,ENGINEERING
1042,9134,DHAYA COLLEGE OF ENGINEERING,ENGINEERING
730,6177,GOVERNMENT COLLEGE OF ENGINEERING - SALEM,ENGINEERING
674,5119,Priyadarshi Engineering college ,ENGINEERING
688,5133,University College of Engineering ARNI,ENGINEERING
715,6123,SENGUNTHAR ENGINEERING COLLEGE,ENGINEERING
737,6205,CMS COLLEGE OF ENGINEERING ,ENGINEERING
718,6126,THE KAVERY COLLEGE OF ENGINEERING,ENGINEERING
740,6208,GNANAMANI COLLEGE OF TECHNOLOGY,ENGINEERING
646,4221,St. Anne's College of Engineering and Technology,ENGINEERING
710,6118,P.S.V.COLLEGE OF ENGINEERING AND TECHNOLOGY,ENGINEERING
738,6206,Ganesh College of Engineering,ENGINEERING
711,6119,RKKR SCHOOL OF MANAGEMENT STUDIES,ENGINEERING
717,6125,SRI VENKATESWARA INSTITUTE OF ENGINEERING,ENGINEERING
709,6117,NARASU'S SARATHY INSTITUTE OF TECHNOLOGY,ENGINEERING
724,6132,VIVEKANANDHA BUSINESS SCHOOL FOR WOMEN,ENGINEERING
725,6133,VIVEKANANDHA INSTITUTE OF INFORMATION AND MANAGEMENT STUDIES,ENGINEERING
726,6134,HOSUR INSTITUTE OF TECHNOLOGY AND SCIENCE,ENGINEERING
728,6136,SPECTRUM COLLEGE OF TECHNOLOGY,ENGINEERING
732,6179,VINAYAKA MISSIONS KIRUPANANDA VARIYAR ENGINEERING COLLEGE,ENGINEERING
736,6204,BRAHMA SCHOOL OF BUSINESS,ENGINEERING
741,6209,GNANAMANI INSTITUTE OF MANAGEMENT STUDIES,ENGINEERING
742,6210,GREENTECH COLLEGE OF ENGINEERING FOR WOMEN,ENGINEERING
744,6212,KING COLLEGE OF TECHNOLOGY,ENGINEERING
716,6124,Shree Sathyam College of Engineering and Technology ,ENGINEERING
721,6129,Vivekanandha College of Engineering for Women,ENGINEERING
777,7109,INDUS COLLEGE OF ENGINEERING,ENGINEERING
774,7106,CSI COLLEGE OF ENGINEERING,ENGINEERING
757,6225,SELVAM COLLEGE OF TECHNOLOGY,ENGINEERING
751,6219,PAAVAAI GROUP OF INSTITUTIONS,ENGINEERING
743,6211,Idhaya Engineering College for Women,ENGINEERING
771,7103,ANGEL COLLEGE OF ENGINEERING AND TECHNOLOGY,ENGINEERING
768,6236,INDIAN INSTITUTE OF HANDLOOM TECHNOLOGY,ENGINEERING
756,6224,SALEM COLLEGE OF ENGINEERING AND TECHNOLOGY,ENGINEERING
752,6220,PAAVAI COLLEGE OF ENGINEERING,ENGINEERING
763,6231,VSA GROUP OF INSTITUTIONS,ENGINEERING
1143,9620,SATYAM COLLEGE OF ENGINEERING AND TECHNOLOGY,ENGINEERING
735,6203,Bharathiyar Institute of engineering for women,ENGINEERING
773,7105,COIMBATORE INSTITUTE OF ENGINEERING AND TECHNOLOGY,ENGINEERING
758,6226,SHREENIVASA ENGINEERING COLLEGE,ENGINEERING
754,6222,PAVAI COLLEGE OF TECHNOLOGY,ENGINEERING
731,6178,SONA COLLEGE OF TECHNOLOGY,ENGINEERING
727,6135,Government College of Engineering, Dharmapuri,ENGINEERING
776,7108,DR.NALLINI INSTITUTE OF ENGINEERING AND TECHNOLOGY,ENGINEERING
766,6234,SKANDHA SCHOOL OF ARCHITECTURE,ENGINEERING
764,6232,VASAVI VIDYA TRUST GROUP OF INSTITUTIONS"",ENGINEERING
707,6115,Mahindra Institute of Engineering & Technology,ENGINEERING
755,6223,S R S COLLEGE OF ENGINEERING AND TECHNOLOGY,ENGINEERING
760,6228,SRI GANESH SCHOOL OF BUSINESS MANAGEMENT,ENGINEERING
1141,9618,PONJESLY COLLEGE OF ENGINEERING,ENGINEERING
789,7121,MCGAN'S OOTY SCHOOL OF ARCHITECTURE,ENGINEERING
762,6230,Tagore Institute of Engineering and Technology ,ENGINEERING
799,7131,SRI SAI RANGANATHAN ENGINEERING COLLEGE,ENGINEERING
804,7136,SREE SAKTHI ENGINEERING COLLEGE,ENGINEERING
780,7112,JAI SHRIRAM ENGINEERING COLLEGE,ENGINEERING
775,7107,Dr.N.G.P Institute of Technology,  Coimbatore ,ENGINEERING
749,6217,Muthayammal College of Engineering,ENGINEERING
745,6213,Kongunadu College of Engineering and Technology ,ENGINEERING
759,6227,SRG ENGINEERING COLLEGE ,ENGINEERING
767,6235,AVS COLLEGE OF TECHNOLOGY,ENGINEERING
973,8156,ARIYALUR ENGINEERING COLLEGE ,ENGINEERING
785,7117,KGISL INSTITUTE OF TECHNOLOGY,ENGINEERING
781,7113,K P R INSTITUTE OF ENGINEERING AND TECHNOLOGY,ENGINEERING
782,7114,K.P.R.SCHOOL OF BUSINESS,ENGINEERING
797,7129,RVS TECHNICAL CAMPUS-COIMBATORE,ENGINEERING
796,7128,R V S COLLEGE OF ENGINEERING AND TECHNOLOGY,ENGINEERING
790,7122,PARK COLLEGE OF ENGINEERING AND TECHNOLOGY,ENGINEERING
798,7130,RANGANATHAN ARCHITECTURE COLLEGE,ENGINEERING
784,7116,KATHIR COLLEGE OF ENGINEERING,ENGINEERING
801,7133,S N S COLLEGE OF ENGINEERING,ENGINEERING
786,7118,KTVR KNOWLEDGE PARK FOR ENGINEERING AND TECHNOLOGY,ENGINEERING
787,7119,KV INSTITUTE OF MANAGEMENT AND INFORMATION STUDIES,ENGINEERING
794,7126,PRAHAR SCHOOL OF ARCHITECTURE,ENGINEERING
795,7127,AMBAL PROFESSIONAL GROUP OF INSTITUTIONS,ENGINEERING
800,7132,RVS INSTITUTE OF MANAGEMENT STUDIES,ENGINEERING
802,7134,SASURIE ACADEMY OF ENGINEERING,ENGINEERING
848,7217,P A COLLEGE OF ENGINEERING AND TECHNOLOGY,ENGINEERING
831,7181,SRI RAMAKRISHNA ENGINEERING COLLEGE,ENGINEERING
813,7145,UNITED INSTITUTE OF TECHNOLOGY,ENGINEERING
805,7137,SRI KRISHNA INSTITUTE OF MANAGEMENT,ENGINEERING
808,7140,SRI SHAKTHI INSTITUTE OF ENGINEERING AND TECHNOLOGY,ENGINEERING
809,7141,SRIGURU INSTITUTE OF TECHNOLOGY,ENGINEERING
816,7148,SCAD INSTITUTE OF TECHNOLOGY,ENGINEERING
819,7151,SUGUNA SPARK BUSINESS SCHOOL,ENGINEERING
820,7152,VIVEKANANDA INSTITUTE OF MANAGEMENT STUDIES,ENGINEERING
845,7214,NEHRU INSTITUTE OF ENGINEERING AND TECHNOLOGY,ENGINEERING
904,7324,SASURIE COLLEGE OF ENGINEERING ,ENGINEERING
803,7135,SNS COLLEGE OF TECHNOLOGY,ENGINEERING
806,7138,SRI RAMAKRISHNA INSTITUTE OF TECHNOLOGY,ENGINEERING
817,7149,SCHOOL OF ARCHITECTURE,C.I.E.T,ENGINEERING
791,7123,PARK COLLEGE OF TECHNOLOGY,ENGINEERING
829,7179,KUMARAGURU COLLEGE OF TECHNOLOGY,ENGINEERING
830,7180,P.S.G. COLLEGE OF TECHNOLOGY,ENGINEERING
839,7207,HINDUSTHAN COLLEGE OF ENGINEERING AND TECHNOLOGY,ENGINEERING
827,7177,GOVERNMENT COLLEGE OF TECHNOLOGY, COIMBATORE,ENGINEERING
828,7178,KARPAGAM COLLEGE OF ENGINEERING,ENGINEERING
826,7176,COIMBATORE INSTITUTE OF TECHNOLOGY,ENGINEERING
807,7139,SRI RANGANATHAR INSTITUTE OF ENGINEERING & TECHNOLOGY,ENGINEERING
832,7182,AMRITA INSTITUTE OF TECHNOLOGY AND SCIENCE,ENGINEERING
833,7201,A.S.L. PAULS COLLEGE OF ENGINEERING AND TECHNOLOGY,ENGINEERING
834,7202,AJK INSTITUTE OF MANAGEMENT,ENGINEERING
838,7206,HAPPY VALLEY BUSINESS SCHOOL,ENGINEERING
847,7216,NEHRU INSTITUTE OF MANAGEMENT STUDIES,ENGINEERING
818,7150,SUGUNA COLLEGE OF ENGINEERING,ENGINEERING
729,6176,Adhiyamaan College of Engineering (Autonomous), Hosur,ENGINEERING
836,7204,CMS College of Engineeering and Technology,ENGINEERING
858,7227,SREE NARAYANA GURU INSTITUTE OF  MANAGEMENT STUDIES,ENGINEERING
840,7208,Hindusthan Institute of Technology,ENGINEERING
837,7205,EASA College of Engg and Technology,ENGINEERING
859,7228,SRI ESHWAR COLLEGE OF ENGINEERING,ENGINEERING
850,7219,DHANALAKSHMI SRINIVASAN COLLEGE OF ENGINEERING,ENGINEERING
841,7209,JCT College of Engineering and Technology,ENGINEERING
810,7142,Tamilnadu College of Engineering ,ENGINEERING
856,7225,SASI CREATIVE SCHOOL OF BUSINESS,ENGINEERING
851,7220,S V S COLLEGE OF ENGINEERING,ENGINEERING
862,7231,SVS INSTITUTE OF COMPUTER APPLICATIONS,ENGINEERING
861,7230,SRI VENKATESWARA INSTITUTE OF INFORMATION TECHNOLOGY AND MANAGEMENT,ENGINEERING
815,7147,Rvs School of Architecture ,ENGINEERING
1120,9537,AAA College of Engineering and Technology,ENGINEERING
860,7229,SRI VENKATESWARA COLLEGE OF COMPUTER APPLICATIONS AND MANAGEMENT,ENGINEERING
855,7224,SAN INTERNATIONAL INFO SCHOOL,ENGINEERING
854,7223,SAN INTERNATIONAL BUSINESS SCHOOL,ENGINEERING
853,7222,SAKTHI INSTITUTE OF INFORMATION AND MANAGEMENT STUDIES,ENGINEERING
811,7143,TAMILNADU SCHOOL OF ARCHITECTURE,ENGINEERING
483,1111,JAYA INSTITUTE OF TECHNOLOGY,ENGINEERING
542,2123,SREE SASTHA COLLEGE OF ENGINEERING,ENGINEERING
552,2177,SANTHOSA ENGINEERING COLLEGE,ENGINEERING
578,3121,SMK FOMRA INSTITUTE OF TECHNOLOGY,ENGINEERING
606,4113,LORD VENKATESHWARAA ENGINEERING COLLEGE,ENGINEERING
645,4220,SRI RANGAPOOPATHI COLLEGE OF ENGINEERING,ENGINEERING
651,4225,UNIVERSITY COLLEGE OF ENGINEERING, VILLUPURAM,ENGINEERING
682,5127,SRI BALAJI CHOCKALINGAM ENGINEERING COLLEGE,ENGINEERING
681,5126,SREE KRISHNA COLLEGE OF ENGINEERING,ENGINEERING
713,6121,SENGUNTHAR B SCHOOL FOR WOMEN,ENGINEERING
748,6216,MUTHAYAMMAL ENGINEERING COLLEGE,ENGINEERING
783,7115,KALAIGNAR KARUNANIDHI INSTITUTE OF TECHNOLOGY,ENGINEERING
825,7157,TIPS SCHOOL OF ARCHITECTURE,ENGINEERING
824,7156,TIPS SCHOOL OF MANAGEMENT,ENGINEERING
857,7226,SNT GLOBAL ACADEMY OF MANAGEMENT STUDIES AND TECHNOLOGY,ENGINEERING
902,7322,NANDHA ENGINEERING COLLEGE,ENGINEERING
929,8111,IMAYAM COLLEGE OF INFORMATION TECHNOLOGY,ENGINEERING
960,8143,SRINIVASAN ENGINEERING COLLEGE,ENGINEERING
1005,8227,GOVERNMENT COLLEGE OF ENGINEERING, THANJAVUR,ENGINEERING
1040,9132,VICKRAM COLLEGE OF ENGINEERING,ENGINEERING
1076,9232,CHERAN SCHOOL OF ARCHITECTURE,ENGINEERING
1113,9530,ST.MOTHER THERESA ENGINEERING COLLEGE,ENGINEERING
1112,9529,SCAD ENGINEERING COLLEGE,ENGINEERING
1146,9623,AMRITA COLLEGE OF ENGINEERING AND TECHNOLOGY,ENGINEERING
1144,9621,SIVAJI COLLEGE OF ENGINEERING AND TECHNOLOGY,ENGINEERING
597,4104,ASAN MEMORIAL COLLEGE OF ENGINEERING & TECHNOLOGY,ENGINEERING
1124,9601,ANNAI VAILANKANNI COLLEGE OF ENGINEERING, KANYAKUMARI ,ENGINEERING
793,7125,PPG INSTITUTE OF TECHNOLOGY ,ENGINEERING
869,7238,SASI CREATIVE SCHOOL OF ARCHITECTURE,ENGINEERING
620,4127,Tagore Engineering College ,ENGINEERING
885,7305,EXCEL BUSINESS SCHOOL,ENGINEERING
873,7242,CAPITAL COLLEGE OF ARCHITECTURE,ENGINEERING
872,7241,VISHNU LAKSHMI COLLEGE OF ENGINEERING & TECHNOLOGY,ENGINEERING
866,7235,NIGHTINGALE INSTITUTE OF TECHNOLOGY,ENGINEERING
865,7234,N.R. SCHOOL OF ARCHITECTURE,ENGINEERING
849,7218,RATHINAM TECHNICAL CAMPUS,ENGINEERING
995,8217,Sir Issac Newton College of Engineering and Technology,ENGINEERING
864,7233,AKSHAYA INSTITUTE OF MANAGEMENT STUDIES,ENGINEERING
863,7232,SVS INSTITUTE OF MANAGEMENT STUDIES,ENGINEERING
1036,9128,Syed Ammal Engineering College,ENGINEERING
868,7237,V.S.B. COLLEGE OF ENGINEERING TECHNICAL CAMPUS,ENGINEERING
914,7334,KONGU SCHOOL OF ARCHITECTURE,ENGINEERING
911,7331,VIDYAA VIKAS COLLEGE OF ENGINEERING AND TECHNOLOGY,ENGINEERING
891,7311,Government College of Engineering  Erode,ENGINEERING
876,7245,San Academy of Architecture,ENGINEERING
877,7246,Rathinam School of Architecture,ENGINEERING
916,7377,K.S.RANGASAMY COLLEGE OF TECHNOLOGY,ENGINEERING
930,8112,INDRA GANESAN COLLEGE OF ENGINEERING,ENGINEERING
884,7304,ERODE SENGUNTHAR ENGINEERING COLLEGE,ENGINEERING
925,8107,CARE College of Engineering,ENGINEERING
896,7316,K S R INSTITUTE FOR ENGINEERING AND TECHNOLOGY,ENGINEERING
875,7244,Nehru School of Architecture,ENGINEERING
926,8108,HALLMARK BUSINESS SCHOOL,ENGINEERING
903,7323,S.S.M. COLLEGE OF ENGINEERING,ENGINEERING
892,7312,JKK MUNIRAJAH COLLEGE OF TECHNOLOGY ,ENGINEERING
919,8101,C.A.R.E. SCHOOL OF ARCHITECTURE,ENGINEERING
893,7313,J. K. K. NATARAJA COLLEGE OF ENGINEERING AND TECHNOLOGY ,ENGINEERING
905,7325,SHREE VENKATESHWARA HI-TECH ENGINEERING COLLEGE,ENGINEERING
879,7277,Sri Krishna college of Engineering and Technology ,ENGINEERING
883,7303,Builders Engineering College,ENGINEERING
924,8106,DR.NAVALAR NEDUNCHEZHIYAN COLLEGE OF ENGINEERING,ENGINEERING
923,8105,DHANALAKSHMI SRINIVASAN INSTITUTE OF MANAGEMENT,ENGINEERING
921,8103,DESIGNED ENVIRONMENT ACADEMY AND RESEARCH INSTITUTE,ENGINEERING
920,8102,CAUVERY COLLEGE OF ENGINEERING AND TECHNOLOGY,ENGINEERING
912,7332,VIVEKANANDHA ENGINEERING COLLEGE FOR WOMEN,ENGINEERING
910,7330,VIDHYA MANDHIR INSTITUTE OF TECHNOLOGY,ENGINEERING
906,7326,SRI RAMANATHAN ENGINEERING COLLEGE,ENGINEERING
932,8114,JAYARAM COLLEGE OF ENGINEERING AND TECHNOLOGY,ENGINEERING
963,8146,TRICHY ENGINEERING COLLEGE,ENGINEERING
935,8117,K.Ramakrishnan College of Technology,ENGINEERING
952,8134,ROEVER COLLEGE OF ENGINEERING AND TECHNOLOGY,ENGINEERING
942,8124,M.I.E.T. ENGINEERING COLLEGE,ENGINEERING
928,8110,IMAYAM COLLEGE OF ENGINEERING,ENGINEERING
933,8115,K. RAMAKRISHNAN COLLEGE OF ENGINEERING,ENGINEERING
966,8149,DHANALAKSHMI SRINIVASAN COLLEGE OF ENGINEERING,ENGINEERING
965,8148,UNIVERSITY COLLEGE OF ENGINEERING, ARIYALUR,ENGINEERING
936,8118,KURINJI COLLEGE OF ENGINEERING AND TECHNOLOGY,ENGINEERING
908,7328,Surya Engineering College ,ENGINEERING
962,8145,THE SELVAM WOMEN EXCELLENCE ENGINEERING TECHNOLOGY,ENGINEERING
946,8128,MOOKAMBIGAI COLLEGE OF ENGINEERING,ENGINEERING
956,8139,SHIVANI ENGINEERING COLLEGE,ENGINEERING
945,8127,MEENAKSHI RAMASWAMY ENGINEERING COLLEGE,ENGINEERING
931,8113,J.J.College Of Engineering and Technology,ENGINEERING
948,8130,OXFORD ENGINEERING COLLEGE,ENGINEERING
964,8147,SRM TRP ENGINEERING COLLEGE,ENGINEERING
955,8138,SARANATHAN COLLEGE OF ENGINEERING,ENGINEERING
953,8135,ROEVER ENGINEERING COLLEGE,ENGINEERING
958,8141,SHIVANI SCHOOL OF BUSINESS MANAGEMENT,ENGINEERING
937,8119,M.A.M. SCHOOL OF ARCHITECTURE,ENGINEERING
939,8121,M.A.M. SCHOOL OF ENGINEERING,ENGINEERING
957,8140,SHIVANI COLLEGE OF ENGINEERING AND TECHNOLOGY,ENGINEERING
954,8136,ROEVER INSTITUTE OF MANAGEMENT,ENGINEERING
951,8133,R.V.S - K.V.K INSTITUTE OF MANAGEMENT STUDIES,ENGINEERING
950,8132,PAVENDAR BHARATHIDASAN INSTITUTE OF INFORMATION TECHNOLOGY,ENGINEERING
934,8116,K.K.C COLLEGE OF ENGINEERING AND TECHNOLOGY,ENGINEERING
967,8150,DHANALAKSHMI SRINIVASAN INSTITUTE OF RESEARCH AND TECHNOLOGY,ENGINEERING
968,8151,DHANALAKSHMI SRINIVASAN INSTITUTE OF TECHNOLOGY,ENGINEERING
970,8153,RVS-KVK SCHOOL OF ARCHITECTURE,ENGINEERING
1017,9109,KARPAGA VINAYAGA INSTITUTE OF MANAGEMENT,ENGINEERING
1001,8223,VANDAYAR ENGINEERING COLLEGE,ENGINEERING
1004,8226,ARIFA INSTITUTE OF TECHNOLOGY,ENGINEERING
971,8154,SRI RAMAKRISHNA COLLEGE OF ENGINEERING,ENGINEERING
976,8159,PRIME NEST COLLEGE  OF ARCHITECTURE AND PLANNING,ENGINEERING
1019,9111,MADURAI INSTITUTE OF ENGINEERING AND TECHNOLOGY,ENGINEERING
983,8206,ARASU ENGINEERING COLLEGE,ENGINEERING
1018,9110,LATHA MATHAVAN ENGINEERING COLLEGE,ENGINEERING
979,8202,A.R.J. INSTITUTE OF MANAGEMENT STUDIES,ENGINEERING
982,8205,ANNAI COLLEGE OF ENGINEERING AND TECHNOLOGY,ENGINEERING
972,8155,SURYA COLLEGE OF ENGINEERING,ENGINEERING
1011,9103,CHENDHURAN COLLEGE OF ENGINEERING AND TECHNOLOGY,ENGINEERING
1002,8224,M R K INSTITUTE OF TECHNOLOGY,ENGINEERING
996,8218,SMR EAST COAST COLLEGE OF ENGINEERING AND TECHNOLOGY,ENGINEERING
1013,9105,GANAPATHY CHETTIAR COLLEGE OF ENGINEERING AND TECHNOLOGY,ENGINEERING
1007,8302,SVS INTERNATIONAL COLLEGE OF ARCHITECTURE,ENGINEERING
981,8204,ANJALAI AMMAL MAHALINGAM ENGINEERING COLLEGE,ENGINEERING
1003,8225,SWAMI VIVEKANANDA INSTITUTE OF MANAGEMENT,ENGINEERING
992,8214,PONNAIYAH RAMAJAYAM COLLEGE OF ENGINEERING AND TECHNOLOGY,ENGINEERING
986,8209,GNANAM SCHOOL OF BUSINESS,ENGINEERING
980,8203,A.V.C COLLEGE OF ENGINEERING,ENGINEERING
977,8176,PERIYAR MANIAMMAI COLLEGE OF TECHNOLOGY FOR WOMEN,ENGINEERING
969,8152,NALANDA SCHOOL OF BUSINESS,ENGINEERING
985,8208,E.G.S.PILLAY ENGINEERING COLLEGE,ENGINEERING
997,8219,St.Joseph's College of Engineering and Technology , Thanjavur ,ENGINEERING
1032,9124,SHANMUGANATHAN ENGINEERING COLLEGE,ENGINEERING
994,8216,Sembodai Rukmani varatharajan engineering college,ENGINEERING
1024,9116,MOTHER TERASA COLLEGE OF ENGINEERING AND TECHNOLOGY,ENGINEERING
1057,9213,PSNA COLLEGE OF ENGINEERING AND TECHNOLOGY,ENGINEERING
1028,9120,PANDIAN SARASWATHI YADAV ENGINEERING COLLEGE,ENGINEERING
1029,9121,PANNAI COLLEGE OF ENGINEERING AND TECHNOLOGY,ENGINEERING
1046,9202,CHETTINAD COLLEGE OF ENGINEERING AND TECHNOLOGY,ENGINEERING
999,8221,University College of Engineering Pattukkottai,ENGINEERING
1035,9127,ST.MICHAEL COLLEGE OF ENGINEERING & TECHNOLOGY,ENGINEERING
1000,8222,University College of Engineering Thirukkuvalai,ENGINEERING
1056,9212,VEERAMMAL ENGINEERING COLLEGE,ENGINEERING
1023,9115,MOHAMED SATHAK ENGINEERING COLLEGE,ENGINEERING
1050,9206,KODAIKANAL INSTITUTE OF TECHNOLOGY,ENGINEERING
1033,9125,SRI RAAJA RAAJAN COLLEGE OF ENGINEERING AND TECHNOLOGY,ENGINEERING
990,8212,P.R.ENGINEERING COLLEGE ,ENGINEERING
1052,9208,N P R COLLEGE OF ENGINEERING AND TECHNOLOGY,ENGINEERING
1031,9123,SACS M.A.V.M.M ENGINEERING COLLEGE,ENGINEERING
991,8213,Parisutham Institute of Technology and Science ,ENGINEERING
1026,9118,OAA-MAVMM SCHOOL OF MANAGEMENT,ENGINEERING
1021,9113,MICHAEL INSTITUTE OF MANAGEMENT,ENGINEERING
1055,9211,ODAIYAPPA COLLEGE OF ENGINEERING AND TECHNOLOGY,ENGINEERING
1049,9205,KARUR COLLEGE OF ENGINEERING,ENGINEERING
1051,9207,M.KUMARASAMY COLLEGE OF ENGINEERING,ENGINEERING
998,8220,Star Lion College of Engineering and Technology,ENGINEERING
1039,9131,VELAMMAL COLLEGE OF ENGINEERING AND TECHNOLOGY,ENGINEERING
989,8211,Kings College of Engineering ,ENGINEERING
1054,9210,Nadar Saraswathi College of Engineering and Technology,ENGINEERING
1030,9122,Solamalai College of Engineering,ENGINEERING
1080,9237,J.K. COLLEGE OF ARCHITECTURE,ENGINEERING
1084,9276,M.KUMARASAMY COLLEGE OF ENGINEERING,ENGINEERING
1086,9501,A.R. COLLEGE OF ENGINEERING AND TECHNOLOGY,ENGINEERING
1077,9233,GOVERNMENT COLLEGE OF ENGINEERING,ENGINEERING
1082,9239,ARINGER ANNA COLLEGE OF ENGINEERING AND TECHNOLOGY,ENGINEERING
1037,9129,ULTRA College of Engineering& Technology,ENGINEERING
1063,9219,SRI SUBRAMANYA COLLEGE OF ENGINEERING AND TECHNOLOGY,ENGINEERING
1015,9107,K.L.N.COLLEGE OF INFORMATION TECHNOLOGY,ENGINEERING
1038,9130,University College of Engineering Ramanathapuram,ENGINEERING
1085,9500,ANNA UNIVERSITY REGIONAL CAMPUS, TIRUNELVELI,ENGINEERING
1087,9503,GRACE COLLEGE OF ENGINEERING,ENGINEERING
1053,9209,N.S.N. College of Engineering and Technology ,ENGINEERING
1081,9238,MANGAYARKARASI COLLEGE OF ENGINEERING,ENGINEERING
1065,9221,SSM INSTITUTE OF ENGINEERING AND TECHNOLOGY,ENGINEERING
1064,9220,Sri Vidya college of engineering and technology ,ENGINEERING
1014,9106,KLN College of engineering ,ENGINEERING
1079,9236,JAINEE COLLEGE OF ENGINEERING AND TECHNOLOGY,ENGINEERING
1078,9234,MADURAI SCHOOL OF MANAGEMENT,ENGINEERING
1034,9126,Sri Bharathi Engineering College for Women,ENGINEERING
1083,9240,AGNI SCHOOL OF ARCHITECHTURE,ENGINEERING
1073,9229,AGNI SCHOOL OF BUSINESS EXCELLENCE,ENGINEERING
1072,9228,AR SCHOOL OF BUSINESS,ENGINEERING
1071,9227,VPV COLLEGE OF ENGINEERING,ENGINEERING
1068,9224,V K S COLLEGE OF ENGINEERING AND TECHNOLOGY,ENGINEERING
1061,9217,SETHU INSTITUTE OF TECHNOLOGY,ENGINEERING
1125,9602,ARUNACHALA COLLEGE OF ENGINEERING FOR WOMEN,ENGINEERING
1099,9515,KALASALINGAM INSTITUTE OF TECHNOLOGY,ENGINEERING
1121,9538,V.P.M.M. COLLEGE OF  ARCHITECTURE FOR WOMEN,ENGINEERING
1096,9512,J P COLLEGE OF ENGINEERING,ENGINEERING
1133,9610,K N S K COLLEGE OF ENGINEERING,ENGINEERING
1069,9225,V.S.B. ENGINEERING COLLEGE, KARUR,ENGINEERING
1094,9510,INFANT JESUS COLLEGE OF ENGINEERING,ENGINEERING
1070,9226,VIJAY INSTITUTE OF MANAGEMENT ,ENGINEERING
1103,9519,P.S.R. ENGINEERING COLLEGE,ENGINEERING
1093,9509,Holycross Engineering college ,ENGINEERING
1126,9603,BETHLAHEM INSTITUTE OF ENGINEERING,ENGINEERING
1119,9536,RAMCO INSTITUTE OF TECHNOLOGY,ENGINEERING
1115,9532,UNIVERSITY COLLEGE OF ENGINEERING, THOOTHUKUDI,ENGINEERING
1130,9607,IMMANUEL ARASAR J J COLLEGE OF ENGINEERING,ENGINEERING
1102,9518,NELLAI COLLEGE OF ENGINEERING,ENGINEERING
1105,9522,PSN COLLEGE OF ENGINEERING AND TECHNOLOGY,ENGINEERING
1104,9520,P.S.R.R COLLEGE OF ENGINEERING,ENGINEERING
1131,9608,JAMES COLLEGE OF ENGINEERING AND TECHNOLOGY,ENGINEERING
1127,9604,C.S.I. INSTITUTE OF TECHNOLOGY,ENGINEERING
1118,9535,V.P.MUTHAIAH PILLAI MEENAKSHI AMMAL ENGINEERING COLLEGE FOR WOMEN,ENGINEERING
1100,9516,MAHAKAVI BHARATHIYAR COLLEGE OF ENGINEERING AND TECHNOLOGY,ENGINEERING
1123,9577,ARULMIGU KALASALINGAM COLLEGE OF ENGINEERING,ENGINEERING
1098,9514,JOE SURESH ENGINEERING COLLEGE,ENGINEERING
1095,9511,INFANT JESUS COLLEGE OF ENGINEERING AND TECHNOLOGY,ENGINEERING
1044,9177,Thiagarajar College of Engineering, Madurai,ENGINEERING
1129,9606,DMI ENGINEERING COLLEGE,ENGINEERING
1114,9531,THAMIRABHARANI ENGINEERING COLLEGE,ENGINEERING
1008,9100,Anna University Regional Campus Madurai ,ENGINEERING
1136,9613,M.E.T. ENGINEERING COLLEGE,ENGINEERING
1162,9676,NOORUL ISLAM COLLEGE OF ENGINEERING,ENGINEERING
1089,9505,Dr.Sivanthi Aditanar College of Engineering, Tiruchendur,ENGINEERING
1148,9625,RAJAS ENGINEERING COLLEGE,ENGINEERING
1110,9527,Sardar Raja College of Engineering,ENGINEERING
1137,9614,MAR EPHRAEM COLLEGE OF ENGINEERING AND TECHNOLOGY,ENGINEERING
1159,9636,LOURDES MOUNT COLLEGE OF ENGINEERING AND TECHNOLOGY,ENGINEERING
1132,9609,Jayamatha Engineering College,ENGINEERING
1106,9523,PSN ENGINEERING COLLEGE,ENGINEERING
1107,9524,PSN INSTITUTE OF TECHNOLOGY AND SCIENCE ,ENGINEERING
1134,9611,LORD JEGANNATH COLLEGE OF ENGINEERING AND TECHNOLOGY,ENGINEERING
1139,9616,MARTHANDAM COLLEGE OF ENGINEERING AND TECHNOLOGY,ENGINEERING
585,3128,Agni College of Technology,ENGINEERING
1122,9576,National Engineering College(Autonomous),ENGINEERING
1149,9626,UDAYA SCHOOL OF ENGINEERING,ENGINEERING
1108,9525,Renganayagi Varatharaj college of engineering ,ENGINEERING
1161,9638,GOOD SHEPHERD COLLEGE OF ENGINEERING & TECHNOLOGY,ENGINEERING
1097,9513,Jayaraj Annapackiam CSI College of Engineering,ENGINEERING
1160,9637,NARAYANAGURU SIDDHARTHA COLLEGE OF ENGINEERING,ENGINEERING
1140,9617,NARAYANAGURU COLLEGE OF ENGINEERING,ENGINEERING
881,7301,AISHWARYA COLLEGE OF ENGINEERING AND TECHNOLOGY,ENGINEERING
1157,9634,SIGMA COLLEGE OF ARCHITECTURE,ENGINEERING
1154,9631,ARUL COLLEGE OF TECHNOLOGY,ENGINEERING
1147,9624,TAMIZHAN COLLEGE OF ENGINEERING AND TECHNOLOGY,ENGINEERING
1158,9635,STELLA MARY'S COLLEGE OF ENGINEERING,ENGINEERING
947,8129,OASYS Institute of Technology, Trichy,ENGINEERING
1116,9533,Unnamalai Institute of Technology,ENGINEERING
1152,9629,Vins Christian College of engineering,ENGINEERING
733,6201,AVS Engineering College,ENGINEERING
1088,9504,Dr.G.U.Pope College of Engineering,ENGINEERING
750,6218,PGP COLLEGE OF ENGINEERING AND TECHNOLOGY ,ENGINEERING
1111,9528,SCAD College of Engineering and Technology ,ENGINEERING
561,3105,Dhanalakshmi Srinivasan College of Engineering and Technology,ENGINEERING
1101,9517,Mepco Schlenk Engineering College, Sivakasi ,ENGINEERING
1142,9619,Rajas Institute of technology ,ENGINEERING
1153,9630,VINS CHRISTIAN  WOMEN'S COLLEGE OF ENGINEERING  CHUNKANKADI,ENGINEERING
922,8104,Dhanalakshmi Srinivasan Engineering College ,ENGINEERING
823,7155,PSG Institute of Technology and Applied Research ,ENGINEERING
984,8207,AS-SALAM COLLEGE OF ENGINEERING & TECHNOLOGY,ENGINEERING
1022,9114,MNSK ENGINEERING COLLEGE ,ENGINEERING
634,4208,Chendu College of Engineering and Technology,ENGINEERING
1145,9622,St.Xavier's Catholic College of Engineering,ENGINEERING
697,6105,Dhirajlal Gandhi College of Technology,ENGINEERING
660,5105,Bharathidasan Engineering College ,ENGINEERING
502,1130,MARG Instiute of Design & Architecture Swarnabhoomi (MIDAS),ENGINEERING
1156,9633,ROHINI COLLEGE OF ENGINEERING AND TECHNOLOGY,ENGINEERING
524,2105,Dmi college of Engineering,ENGINEERING
770,7101,ADITHYA INSTITUTE OF TECHNOLOGY,ENGINEERING
987,8210,K.S.K COLLEGE OF ENGINEERING AND TECHNOLOGY ,ENGINEERING
792,7124,PPG Business School ,ENGINEERING
878,7276,Dr.Mahalingam College of Engineering and Technology,ENGINEERING
1150,9627,Universal College of Engineering and Technology Vallioor ,ENGINEERING
1058,9214,RVS EDUCATIONAL TRUSTS GROUP OF INSTITUTIONS,ENGINEERING
714,6122,Sengunthar College of Engineering, Tiruchengode ,ENGINEERING
1041,9133,Vaigai College of Engineering,ENGINEERING
1117,9534,V V College of Engineering ,ENGINEERING
536,2117,Rajalakshmi Institute of Technology ,ENGINEERING
689,5134,University College of Engineering kanchipuram ,ENGINEERING
907,7327,Sri shanmugha college of engineering and technology ,ENGINEERING
477,1105,GOJAN SCHOOL OF BUSINESS AND TECHNOLOGY,ENGINEERING
652,4226,UNIVERSITY COLLEGE OF ENGINEERING PANRUTI ,ENGINEERING
659,5104,Arunai Engineering College ,ENGINEERING
842,7210,Nehru Institute of Technology,ENGINEERING
504,1132,Velammal Engineering College ,ENGINEERING