"105","9941788950","ittchennai@gmail.com","INSTITUTE OF TEXTILE TECHNOLOGY"
"109","9487307119","tpevr109@gmail.com","T P E V R GOVERNMENT POLYTECHNIC COLLEGE"
"102","6382568230","iptdote102@yahoo.com","INSTITUTE OF PRINTING TECHNOLOGY"
"103","9444600047","www.principalict@yahoo.com","INSTITUTE OF CHEMICAL TECHNOLOGY"
"106","9884447585","sicecollege_106@yahoo.com","STATE INSTITUTE OF COMMERCE EDUCATION"
"176","9842274719","wptcoimbatore@gmail.com","GOVERNMENT POLYTECHNIC COLLEGE FOR WOMEN"
"111","9842095391","gptccbe@gmail.com","GOVERNMENT POLYTECHNIC COLLEGE"
"118","9442532061","gpctuticorin@gmail.com","GOVERNMENT POLYTECHNIC COLLEGE"
"123","9487180282","gptckarur@gmail.com","GOVERNMENT POLYTECHNIC COLLEGE"
"127","9944552757","gptctvm127@gmail.com","GOVERNMENT POLYTECHNIC COLLEGE"
"112","9787295723","gptcooty@gmail.com","GOVERNMENT POLYTECHNIC COLLEGE"
"110","9944992517","gpolykgiri@yahoo.co.in","GOVERNMENT POLYTECHNIC COLLEGE"
"113","9443568982","PRINCIGPTC113@GMAIL.COM","GOVERNMENT POLYTECHNIC COLLEGE"
"119","9443361094","gptcngl@gmail.com","GOVERNMENT POLYTECHNIC COLLEGE"
"126","9543709672","gptc.126@gmail.com","GOVERNMENT POLYTECHNIC COLLEGE"
"120","6382568230","purasawalkampoly@gmail.com","GOVERNMENT POLYTECHNIC COLLEGE"
"121","9444551640","govtptcmelur@gmail.com","GOVERNMENT POLYTECHNIC COLLEGE"
"124","9865483535","gptcperambalur@gmail.com","GOVERNMENT POLYTECHNIC COLLEGE"
"125","9789817316","gptctvr@gmail.com","GOVERNMENT POLYTECHNIC COLLEGE"
"117","9442986214","alagappapoly117@gmail.com","ALAGAPPA POLYTECHNIC COLLEGE"
"140","9444748513","rkngptc@gmail.com","GOVERNMENT POLYTECHNIC COLLEGE"
"131","9443849950","gptariyalur@gmail.com","GOVERNMENT POLYTECHNIC COLLEGE"
"133","9486501833","gptc136chek@gmail.com","GOVERNMENT POLYTECHNIC COLLEGE"
"141","9500008791","gptkadathur@gmail.com","GOVERNMENT POLYTECHNIC COLLEGE"
"134","9688019148","gptcsankarapuram@gmail.com","GOVERNMENT POLYTECHNIC COLLEGE"
"145","9994669196","gptcpalacode@gmail.com","GOVERNMENT POLYTECHNIC COLLEGE"
"138","9445311127","gptcusilai@yahoo.com","GOVERNMENT POLYTECHNIC COLLEGE"
"147","9442441423","GPTCKDV@GMAIL.COM","GOVERNMENT POLYTECHNIC COLLEGE"
"135","9442453999","gptcheyyar@gmail.com","GOVERNMENT POLYTECHNIC COLLEGE"
"146","9788014410","gptmohanur@gmail.com","GOVERNMENT POLYTECHNIC COLLEGE"
"129","9442210859","gptc.aund@gmail.com","GOVERNMENT POLYTECHNIC COLLEGE"
"148","9444942640","gptcsevvapet@gmail.com","GOVERNMENT POLYTECHNIC COLLEGE"
"130","8825698326","gpt.jolarpet@gmail.com","GOVERNMENT POLYTECHNIC COLLEGE"
"143","9443849950","gptctanjore@gmail.com","GOVERNMENT POLYTECHNIC COLLEGE"
"136","9486067647","gptcsrirangam@gmail.com","GOVERNMENT POLYTECHNIC COLLEGE"
"177","9366645844","maduraigpcw@gmail.com","GOVERNMENT POLYTECHNIC COLLEGE FOR WOMEN"
"201","9952692360","ptleecnt1939@gmail.com","P T LEE CHENGALVARAYA NAICKER POLYTECHNIC COLLEGE"
"137","9442229443","gptcgkt@gmail.com","GOVERNMENT POLYTECHNIC COLLEGE"
"204","9345465933","bptckpm@gmail.com","BAKTHAVATSALAM POLYTECHNIC COLLEGE"
"304","9443193927","principal_aptmmr@yahoo.co.in","ADHIPARASAKTHI POLYTECHNIC COLLEGE"
"207","9443284079","rajapoly@rpg.ac.in","RAJAGOPAL POLYTECHNIC COLLEGE"
"208","9486627172","mptc_208@yahoo.co.in","MUTHIAH POLYTECHNIC COLLEGE"
"320","9976045888","kongu_320@yahoo.co.in","KONGU POLYTECHNIC COLLEGE"
"230","9443449902","kamarajpolytechniccollege@gmail.com","KAMARAJ POLYTECHNIC COLLEGE"
"213","9894599420","213skptc@gmail.com","SRI KRISHNA POLYTECHNIC COLLEGE"
"231","9442082032","principalnpa@gmail.com","N P A CENTENARY POLYTECHNIC COLLEGE"
"275","9994965528","principal@grgpolytech.ac.in","G R G POLYTECHNIC COLLEGE "
"219","9443876959","vdpcollege@gmail.com","VALIVALAM DESIKAR POLYTECHNIC COLLEGE"
"205","9840390698","amktpc@gmail.com","A M K TECHNOLOGICAL POLYTECHNIC COLLEGE"
"227","9443382700","mspcexamcell@gmail.com","MOHAMMED SATHAK POLYTECHNIC COLLEGE"
"228","9486667293","agpoly@eth.net","ARASAN GANESAN POLYTECHNIC COLLEGE"
"222","9940818092","appcpalani222@yahoo.com","ARULMIGU PALANIANDAVAR POLYTECHNIC COLLEGE"
"220","9443156562","ppcprincipal@yahoo.com","PATTUKKOTTAI POLYTECHNIC COLLEGE"
"214","9865753679","principaleit@gmail.com","E I T POLYTECHNIC COLLEGE"
"280","9994352505","adjdexam@gmail.com","A D J DHARMAMBAL POLYTECHNIC COLLEGE"
"217","8754000990","ssmittpc@gmail.com","S S M POLYTECHNIC COLLEGE"
"301","8610784483","vrptoffice@gmail.com","V RAMAKRISHNA POLYTECHNIC COLLEGE"
"302","9094719142","principal302_utr@yahoo.cm","MEENAKSHI AMMAL POLYTECHNIC COLLEGE"
"311","6381294334","principalsapt@yahoo.com","SWAMY ABEDHANANDHA POLYTECHNIC COLLEGE"
"303","9003085730","snnpt303@gmail.com","SRI NALLALAGHU POLYTECHNIC COLLEGE"
"334","9994100415","ccmrpolytechnic@yahoo.com","C C M RAMAKRISHNA POLYTECHNIC COLLEGE"
"331","9843578777","principal@sptc.org.in","SUBRAMANIAN POLYTECHNIC COLLEGE"
"315","9944459537","examcelltech@sankara.ac.in","SANKARA POLYTECHNIC COLLEGE"
"340","9585514662","principal@klnpoly.co","K L NAGASWAMY MEMORIAL POLYTECHNIC COLLEGE"
"312","9487038104","pandiyanpolytech@gmail.com","PANDIYAN POLYTECHNIC COLLEGE"
"335","7402711777","karurpolytechnicoffice@gmail.com","THE KARUR POLYTECHNIC COLLEGE"
"319","9944554488","nanjappapolytechnic@yahoo.in","NANJAPPA  POLYTECHNIC COLLEGE"
"323","7826035036","principaltrnp@gmail.com","THIRU RAMAKRISHNA NALLAMMAI POLYTECHNIC COLLEGE"
"325","9789456708","ajkksapt@yahoo.co.in","ANNAI J K K SAMPOORANI AMMAL POLYTECHNIC COLLEGE"
"337","9941501372","337miet@gmail.com","M I E T POLYTECHNIC COLLEGE"
"327","9500449955","metmpt@yahoo.com","MUTHAYAMMAL POLYTECHNIC COLLEGE"
"324","9677792232","alameenpoly_erd@yahoo.co.in","AL-AMEEN POLYTECHNIC COLLEGE"
"333","9443740418","office@spt.sastra.edu","SHANMUGA POLYTECHNIC COLLEGE"
"347","9894909549","prlakptc@yahoo.co.in","ARULMIGU KALASALINGAM POLYTECHNIC COLLEGE"
"329","9003734532","csiptc@yahoo.co.in","C S I POLYTECHNIC COLLEGE"
"317","9442906047","317sngpc@gmail.com","SREE NARAYANAGURU POLYTECHNIC COLLEGE"
"341","9677991331","rvspolyprincipal@gmail.com","RATHINAVEL SUBRAMANIAM POLYTECHNIC COLLEGE"
"342","8939498944","cptcodc1@yahoo.co.in","THE CHRISTIAN INST. FOR TECH EDN POLYTECH COLLEGE"
"343","9865165996","tmpc343@yahoo.com","THANGAM-MUTHU POLYTECHNIC COLLEGE"
"345","8056135768","tpptcollege@gmail.com","THANAPANDIYAN POLYTECHNIC COLLEGE"
"346","9944102551","skapcmnm@yahoo.com","SEIKALATHUR KAMATCHIAMMAN POLYTECHNIC COLLEGE"
"348","9943461212","rspc3348@gmail.com","RAMU SEETHA POLYTECHNIC COLLEGE"
"363","9994821744","principalspt@gmail.com","SRINIVASA POLYTECHNIC COLLEGE"
"352","9443261506","352lapc@gmail.com","LAKSHMIAMMAL POLYTECHNIC COLLEGE"
"372","9445243027","panimalar372@gmail.com","PANIMALAR POLYTECHNIC COLLEGE"
"368","7010732821","principalknskpt@gmail.com","KALAIVANAR N S K POLYTECHNIC COLLEGE"
"359","9443282202","principaltmpc@gmail.com","THAI MOOGAMBIGAI POLYTECHNIC COLLEGE"
"356","9443558636","356msptc@gmail.com","MORNING STAR POLYTECHNIC COLLEGE"
"357","9486909406","nipoly357@gmail.com","NOORUL ISLAM POLYTECHNIC COLLEGE"
"358","9789407335","principalsvp358@gmail.com","SRI VENKATESWARA POLYTECHNIC COLLEGE"
"328","9894931313","328ksrit@gmail.com","K S RENGASAMY INSTITUTE OF TECHNOLOGY"
"362","9952135450","rajaji362@gmail.com","RAJAJI INSTITUTE OF TECHNOLOGY"
"367","9443201091","inbox@mspvl.com","MSP VELAYUTHANADAR LAKSHMITHAIAMMAL  POLY.COLLEGE"
"364","9442207333","364gmsmavmm@gmail.com","G M S  M A V M M POLYTECHNIC COLLEGE"
"365","9944912927","parkamc.college@gmail.com","PARK AMC POLYTECHNIC COLLEGE"
"366","9788860152","asacollege366@gmail.com","ARULMIGU SENTHILANDAVAR POLYTECHNIC COLLEGE"
"381","9367955501","skpt381@gmail.com","SREE KRISHNA POLYTECHNIC COLLEGE"
"373","8610910838","tshp373@yahoo.com","THIRU SEVEN HILLS POLYTECHNIC COLLEGE"
"379","9443599279","irtpolybargur@gmail.com","I R T POLYTECHNIC COLLEGE"
"370","9787123908","pallavanpolytechnic@gmail.com","PALLAVAN POLYTECHNIC COLLEGE"
"354","9659965501","gap354prl_college@yahoo.com","GOMATHI AMBAL POLYTECHNIC COLLEGE"
"353","8220077071","sarp-principal@src.org.in","S A RAJA'S POLYTECHNIC COLLEGE"
"375","9487369436","csimgp@gmail.com","MODERATOR GNANADASAN POLYTECHNIC COLLEGE"
"350","9486650498","sspedu84@gmail.com","SRI SOWDAMBIKA POLYTECHNIC COLLEGE"
"377","8610893872","nampc377@gmail.com","N A MANJAMMAL POLYTECHNIC COLLEGE"
"385","9710063197","sbptcollege@yahoo.co.in","SRI BALAJI POLYTECHNIC COLLEGE"
"387","7598390028","principal387@yahoo.co.in","SRI KRISHNA POLYTECHNIC COLLEGE"
"149","9047150895","gptcvanavasi@gmail.com","GOVERNMENT POLYTECHNIC COLLEGE"
"380","9486647753","irtptvl@gmail.com","I R T POLYTECHNIC COLLEGE"
"408","9444076408","COLLEGEOFFICE@SIGAINDIA.COM","SIGA POLYTECHNIC COLLEGE"
"388","8667511770","388ritexamcell@gmail.com","RANIPET INSTITUTE OF TECHNOLOGY"
"409","9840317099","principal@hiet.in","HIET POLYTECHNIC COLLEGE"
"405","9443667272","ictvri@gmail.com","INSTITUTE OF CERAMIC TECHNOLOGY"
"410","9894144151","siptexamcell@gmail.com","S M P A INSTITUTE OF PRINTING TECHNOLOGY"
"384","9865854918","vpt384@yahoo.co.in","VIGNESH POLYTECHNIC COLLEGE"
"386","8531870525","drmgrpt@gmail.com","DR M G R POLYTECHNIC COLLEGE"
"501","9443979337","jacsipoly501@rediffmail.com","JAYARAJ ANNAPACKIAM C S I POLYTECHNIC COLLEGE"
"510","9047047001","cbt.rmpcgvg@gmail.com","RUDHRAVENI MUTHUSAMY POLYTECHNIC COLLEGE"
"511","9894475863","examcell@srptc.ac.in","SRI RAMAKRISHNA POLYTECHNIC COLLEGE"
"513","9750955882","lathamathavanpolytechnicoffice@gmail.com","LATHA MATHAVAN POLYTECHNIC COLLEGE"
"509","9894511359","pmc_polytechnic@yahoo.com","ER. PERUMAL MANIMEKALAI POLYTECHNIC COLLEGE"
"508","9843808105","maruthipolytechnic@yahoo.com","MARUTHI POLYTECHNIC COLLEGE"
"523","9750863200","principal@sriragavendra.org","SRI RAGAVENDRA POLYTECHNIC COLLEGE"
"507","9894444590","pdptc@yahoo.co.in","PRIYADARSHINI POLYTECHNIC COLLEGE"
"413","8925533943","ITEDGL@YAHOO.CO.IN","INSTITUTE OF TOOL ENGINEERING"
"503","9443036705","sapolytechniccollege@yahoo.com","S A POLYTECHNIC COLLEGE"
"517","9444121191","517kmptc1997@gmail.com","KRISHNASAMY MEMORIAL POLYTECHNIC COLLEGE"
"502","8754501118","sairampoly@sairamgroup.in","SRI SAIRAM POLYTECHNIC COLLEGE"
"506","9994637888","mail2kpt@yahoo.com","KUMARAN POLYTECHNIC COLLEGE"
"516","9442739592","vptcollege516@gmail.com","VENKATESWARA POLYTECHNIC COLLEGE"
"512","7358816577","svptc_512@yahoo.co.in","SRI VENKATESWARA POLYTECHNIC COLLEGE"
"528","8056395766","srvpc528@gmail.com","SEMBODAI R V POLYTECHNIC COLLEGE"
"535","9443187680","rdpolytechnic@yahoo.com","RAJADESINGH POLYTECHNIC COLLEGE"
"547","8124843229","547SRIPRINCIPAL@GMAIL.COM","S R I POLYTECHNIC COLLEGE"
"519","9942978528","principal_scadpoly@scad.ac.in","SCAD GRAMODHAYA POLYTECHNIC COLLEGE"
"540","9500150751","lfptc540@gmail.com","LITTLE FLOWER POLYTECHNIC COLLEGE"
"544","9597097782","smapcoffice@gmail.com","S M ARUMUGAM POLYTECHNIC COLLEGE"
"532","9791257560","skpc532@gmail.com","SRI KRISHNA POLYTECHNIC COLLEGE"
"522","9842879639","522mit@gmail.com","MURUGESAN INSTITUTE OF TECHNOLOGY"
"525","9787844444","525ksrpc@gmail.com","K S R POLYTECHNIC COLLEGE"
"542","9994517123","lnp_542@yahoo.co.in","LAKSHMI NARAYANA POLYTECHNIC COLLEGE"
"534","9443115424","pptc.vms@gmail.com","PADALESWARAR POLYTECHNIC COLLEGE"
"539","9362399955","andavarpolytech@gmail.com","ANNDAVAR POLYTECHNIC COLLEGE"
"546","9524990156","tkpcoffice@gmail.com","THE KAVERY POLYTECHNIC COLLEGE"
"520","9442748448","smpc1997@gmail.com","SRI MUTHALAMMAN POLYTECHNIC COLLEGE"
"533","9965399888","ppcprincipal@paavai.edu.in","PAAVAI POLYTECHNIC COLLEGE"
"545","9500600502","vivekananda545@yahoo.com","VIVEKANANDA POLYTECHNIC COLLEGE"
"564","8754012744","564sasptctrichy@gmail.com","SRI ADHISANKARAR POLYTECHNIC COLLEGE"
"551","9751720454","office_551dspc@yahoo.co.in","DHANALAKSHMI SRINIVASAN POLYTECHNIC COLLEGE"
"572","9884478954","apollo_572@yahoo.co.in","APOLLO POLYTECHNIC COLLEGE"
"549","9585597780","pgpptc@gmail.com","P G P POLYTECHNIC COLLEGE"
"558","9790066722","dpcpolytechnic@gmail.com","D P C POLYTECHNIC COLLEGE"
"552","9698845297","info@bharath.ac.in","BHARATH POLYTECHNIC COLLEGE"
"568","9443592830","udayapoly@gmail.com","UDAYA POLYTECHNIC COLLEGE"
"576","9942499877","576PAPTC@GMAIL.COM","P A POLYTECHNIC COLLEGE"
"553","9500250987","svptc553@gmail.com","SRI VENKATACHALAPATHY POLYTECHNIC COLLEGE"
"555","9842793358","555muptc@gmail.com","MURUGA POLYTECHNIC COLLEGE"
"556","8667549540","tiruttani556@gmail.com","THIRUTHANI POLYTECHNIC COLLEGE"
"559","9442286734","pvptc97@gmail.com","P V POLYTECHNIC COLLEGE"
"570","9443263559","prpcoffice@gmail.com","PONNAIYAH RAMAJAYAM POLYTECHNIC COLLEGE"
"529","9894750682","kar.principal@gmail.com","K A R POLYTECHNIC COLLEGE"
"355","9444943053","sxpprincipal@gmail.com","ST XAVIERS POLYTECHNIC COLLEGE"
"566","9442759666","plpolypp@gmail.com","PASTOR LENSSEN POLYTECHNIC COLLEGE"
"548","9976898685","vdl_aries548@yahoo.co.in","ARIES POLYTECHNIC COLLEGE"
"554","9976975844","cptc554@gmail.com","CHEYYAR POLYTECHNIC COLLEGE"
"574","9942308177","info@mptc.in","MAHENDRA POLYTECHNIC COLLEGE"
"571","7530053901","vandayarpoly@gmail.com","VANDAYAR POLYTECHNIC COLLEGE"
"577","9585110871","577rvsptc@gmail.com","R V S POLYTECHNIC COLLEGE"
"586","9944971396","kprpc586@gmail.com","PONNAIYAH RAMAJAYAM POLYTECHNIC COLLEGE"
"579","9281090110","suryapoly_579@gmail.com","SURYA POLYTECHNIC COLLEGE"
"703","9442287131","epc703@gmail.com","ELUMALAIYAN POLYTECHNIC COLLEGE"
"582","9942988608","582mtpcoffice@gmail.com","MOTHER TERASA POLYTECHNIC COLLEGE"
"583","7825072619","shakthipolytechnic@gmail.com","SAKTHI INSTITUTE OF FASHION TECHNOLOGY"
"594","9786296169","psrpoly@psr.edu.in","P S R POLYTECHNIC COLLEGE"
"618","9842122295","bicthm_thanjavur@yahoo.co.in","BHARATH INST OF CATRNG TECNLGY & HOTEL MNGT"
"584","9842453039","examcelltech@sudharsan.org","SUDHARSAN POLYTECHNIC COLLEGE"
"590","9585543437","info@thekongucollege.org","THE KONGU POLYTECHNIC COLLEGE"
"580","9942978506","office@fxpoly.ac.in","F X POLYTECHNIC COLLEGE"
"598","9524909156","598tkit@gmail.com","THE KAAVERY INSTITUTE OF TECHNOLOGY"
"591","9865223111","591kvpc@gmail.com","KONGHU VELALAR POLYTECHINIC COLLEGE"
"589","9942699426","cendhuran@rediffmail.com","CHENDHURAN POLYTECHNIC COLLEGE"
"593","9790007832","nagasivapolytechnic@yahoo.com","NAGA SIVA POLYTECHNIC COLLEGE"
"599","9487996604","maharanipolytechnic@gmail.com","MAHARANI POLYTECHNIC COLLEGE"
"597","7094466476","office597spc@gmail.com","SRINIVASAN POLYTECHNIC COLLEGE"
"588","9788815704","apcthennilai@gmail.com","ARULMURUGAN POLYTECHNIC COLLEGE"
"702","9047623452","AAROORANPOLYEDU@YAHOO.COM","AAROORAN POLYTECHNIC COLLEGE"
"706","9487400459","mass@masscollege.in","MASS POLYTECHNIC COLLEGE"
"704","9952427858","gangaa_gpt2007@yahoo.com","MAISURII  POLYTECHNIC COLLEGE"
"712","9443686987","sbvpc712@gmail.com","SRI BHARATHI VELU POLYTECHNIC COLLEGE"
"734","8012507075","kottaimari@gmail.com","KOTTAI MARIAMMAN POLYTECHNIC COLLEGE"
"722","9965854518","udhayamcaps_poly@yahoo.com","UDHAYAM POLYTECHNIC COLLEGE"
"716","9842622199","nprpc716@gmail.com","N P R POLYTECHNIC COLLEGE."
"717","9787375717","svpdpi@gmail.com","SRI VENKATESHWARAA POLYTECHNIC COLLEGE"
"718","9842938054","surabipolynkl@gmail.com","THE SURABI COLLEGE OF POLYTECHNIC"
"719","7373711918","nip_2k7@yahoo.com","NATIONAL INSTITUTE OF POLYTECHNIC"
"720","9442591199","psnpoly@gmail.com","P S N POLYTECHNIC COLLEGE"
"721","8012523231","rpckulathur@gmail.com","ROYAL POLYTECHNIC COLLEGE"
"728","9750645018","principalbhavanipolytechnic@gmail.com","BHAVANI POLYTECHNIC COLLEGE"
"726","9944578757","psnitpoly@gmail.com","P S N INSTITUTE OF TECHNOLOGY"
"727","9629180852","rajivgandhipolytechnic@gmail.com","SRI RAJIV GANDHI POLYTECHNIC COLLEGE"
"736","9585528205","srijaymaruthipolytechnic@gmail.com","SHREE  MARUTHI POLYTECHNIC COLLEGE"
"730","7373054550","sriramakrishnapoly@gmail.com","SRI RAMAKRISHNA POLYTECHNIC COLLEGE"
"732","9442504192","gandhipolytechniccollege@yahoo.com","GANDHI POLYTECHNIC COLLEGE"
"739","9994346772","739vogpc@gmail.com","VOICE OF GOD POLYECHNIC COLLEGE"
"723","9443844789","capepoly723@gmail.com","CAPE POLYTECHNIC COLLEGE"
"733","9943232420","chairmanskpc@gmail.com","SALEM KONGU POLYTECHNIC COLLEGE"
"737","9585500746","paavendharptc@yahoo.co.in","PAAVENDHAR POLYTECHNIC COLLEGE"
"740","9524494053","sbkpc@yahoo.com","SRI BALAKRISHNA POLYTECHNIC COLLEGE"
"765","9865460460","765sinpc@gmail.com","SIR ISSAC NEWTON POLYTECHNIC COLLEGE"
"745","9994467844","rajalakshmi.polytechnic@gmail.com","RAJALAKSHMI POLYTECHNIC COLLEGE"
"744","8668075907","srptc_744@yahoo.com","SRI RAMACHANDRA POLYTECHNIC COLLEGE"
"743","9047882515","743gpc@gmail.com","GUDIYATTAM POLYTECHNIC COLLEGE"
"764","9842469959","764sripc@gmail.com","SRI RANGANATHAR INSTITUTE OF POLYTECHNIC COLLEGE"
"750","9790326042","ayyappa_750@yahoo.in","AYYAPPA POLYTECHNIC COLLEGE"
"752","9486561354","sasthaa752@yahoo.in","SASTHA POLYTECHNIC COLLEGE"
"753","9698261250","mahathmapoly@gmail.com","MAHATH AMMA POLYTECHNIC COLLEGE"
"766","9150528941","principal.arifapoly@gmail.com","HAJI SHEIK ISMAIL POLYTECHNIC COLLEGE"
"755","9965528041","sribharathipolytechnic@gmail.com","SRI BHARATHI POLYTECHNIC COLLEGE FOR WOMEN"
"762","9750903402","nvpolytechnic@gmail.com","N V POLYTECHNIC COLLEGE"
"772","9843507772","petprincipal@gmail.com","PET POLYTECHNIC COLLEGE"
"758","9488488730","annaipolytechnic@gmail.com","ANNAI COLLEGE OF POLYTECHNIC COLLEGE"
"760","9842441718","sribalamurugantecg@gmail.com","SRI BALAMURUGAN POLYTECHNIC COLLEGE"
"761","9750320000","jayampoly678@gmail.com","JAYAM POLYTECHNIC COLLEGE"
"754","9751309563","stjoseph754@gmail.com","ST. JOSEPH POLYTECHNIC COLLEGE"
"775","9443608139","unionchristianpoly@gmail.com","UNION CHRISTIAN POLYTECHNIC COLLEGE"
"769","9659633440","smpc08@gmail.com","ST. MICHEAL POLYTECHNIC COLLEGE"
"763","9791786538","tpccbe110@gmail.com","THIRUVALLUVAR POLYTECHNIC COLLEGE"
"774","9281090117","uitpoly2008@gmail.com","UDAYA INSTITUTE OF TECHNOLOGY"
"742","9943251628","cholanpoly@yahoo.in","CHOLAN INSTITUTE OF TECHNOLOGY"
"777","9659442845","rrvp.ratna@gmail.com","VICKRAM POLYTECHNIC COLLEGE"
"776","9976248678","srkpc.edu@gmail.com","SRI RAMAKRISHNA POLYTECHNIC COLLEGE"
"780","6363373711","svpolytechniccollege@gmail.com","S.VEERASAMY CHETTIAR POLYTECHNIC COLLEGE"
"804","9787850766","804SRISANTHOSHI@GMAIL.COM","SRI SANTHOSHI POLYTECHNIC COLLEGE"
"809","9487629326","gsv_shakthi@yahoo.com","SRI SAKTHI POLYTECHNIC COLLEGE"
"784","9688839999","svstech@yahoo.com","S.V.S POLYTECHNIC COLLEGE"
"782","9750965175","shivani.sskp@gmail.com","S S K POLYTECHNIC COLLEGE"
"788","9600681276","mitpalmal@gmail.com","MIT POLYTECHNIC COLLEGE"
"783","9790304759","srikarpagapolytechnic@gmail.com","SRI KARPAGA POLYTECHNIC COLLEGE"
"797","9994666396","padmampolytechnic@gmail.com","SRI PADMAM POLYTECHNIC COLLEGE"
"808","9655741246","thmpcvellore@gmail.com","THIRUMALAI-MADHANUR POLYTECHNIC COLLEGE"
"799","8973144477","svpc2009@gmail.com","SRI VIGNESH POLYTECHNIC COLLEGE"
"794","9150602800","vignesh794@gmail.com","VIGNESHWARA POLYTECHNIC COLLEGE"
"795","9790540761","smpc795@yahoo.com","ST.MARIAM POLYTECHNIC COLLEGE"
"796","9345541133","skptc796@gmail.com","SREE KUMARAGURU POLYTECHNIC COLLEGE"
"781","9751808693","cmannamalai@yahoo.co.in","C.M. ANNAMALAI POLYTECNIC COLLEGE"
"785","9345363117","raagavindra@gmail.com","GURU RAAGAVINDRA POLYTECHNIC COLLEGE"
"806","8148495995","vmitajpet@yahoo.com","VETHATHIRI MAHARISHI INSTITUTE OF TECHNOLOGY"
"801","9442741489","srpcoffice801@gmail.com","SRI RAMANA INSTITUTE OF POLYTECHNIC COLLEGE"
"798","9344022775","798srivinayaga@gmail.com","SRI VINAYAGA POLYTECHNIC COLLEGE"
"803","8870416226","aishwaryapoly@gmail.com","AISHWARYA POLYTECHNIC COLLEGE"
"810","9047231578","sjpprincipal@yahoo.in","ST. JOSEPH'S POLYTECHNIC COLLEGE"
"811","9003332808","saptc2009@gmail.com","SRI ANNAMALAI POLYTECHNIC COLLEGE"
"838","9976315216","838vidhyalakshmipolytechnic@gmail.com","VIDHYALAKSHMI POLYTECHNIC COLLEGE"
"839","7708909042","kalapandianpolytech@gmail.com","KALA PANDIAN POLYTECHNIC COLLEGE"
"815","7502603650","nscbpoly@gmail.com","NETHAJI SUBASH CHANDRA BOSE POLYTECHNIC COLLEGE"
"818","9585525460","acharya.ptc@gmail.com","ACHARYA POLYTECHNIC COLLEGE"
"841","9750944176","abcpolytechnic@gmail.com","SHRI RAMANAS ABC POLYTECHNIC COLLEGE"
"822","9894984856","usppoly@gmail.com","U.S.P.POLYTECHNIC COLLEGE"
"819","9994917065","sri.thiagarajar@gmail.com","SRI THIAGARAJAR POLYTECHNIC COLLEGE"
"820","7010878387","jesupolytechnic820@gmail.com","JESU POLYTECHNIC COLLEGE"
"829","9677797550","829TPC@GMAIL.COM","THIRUMALAI POLYTECHNIC COLLEGE"
"823","9842392628","principal.polytechnic@bwda.org.in","BWDA POLYTECHNIC COLLEGE"
"824","9894443796","koviloornspc@gmail.com","NACHIAPPA SWAMIGAL POLYTECHNIC COLLEGE"
"812","9443577046","sptc2009@gmail.com","SURYA POLYTECHNIC  COLLEGE"
"817","9789194018","skp817@gmail.com","SHRI KRISHNAA POLYTECHNIC COLLEGE"
"813","7867083630","saptcollege@gmail.com","SREE ARUMUGHAM POLYTECHNIC COLLEGE"
"831","9994776463","raasipolytechniccollege@gmail.com","RAASI POLYTECHNIC COLLEGE"
"833","9442202673","smspolyoffice2010@gmail.com","S.M.S. POLYTECHNIC COLLEGE"
"814","9003452432","annaimadha@gmail.com","ANNAI MADHA POLYTECHNIC COLLEGE"
"837","9894425222","ketpoly2010@gmail.com","K E T POLYTECHNIC COLLEGE"
"842","9626965028","dpc.polycollege@gmail.com","DEVANGAR POLYTECHNIC COLLEGE"
"821","9489059207","kmgpolytechnic09@gmail.com","K.M.G.POLYTECHNIC COLLEGE"
"836","9600312030","stpolytech@gmail.com","S. THANGAPAZHAM POLYTECHNIC COLLEGE"
"863","9442469611","sreevaikundar2010@gmail.com","SREE VAIKUNDAR POLYTECHNIC COLLEGE"
"853","9698611999","goldenpolytech@yahoo.com","GOLDEN POLYTECHNIC COLLEGE"
"857","8838073313","vkppc857@gmail.com","V.K.P. POLYTECHNIC COLLEGE"
"849","8105170312","jeyapolytechnic@gmail.com","JEYA POLYTECHNIC COLLEGE"
"871","9003600054","mmpolytechniccollege@gmail.com","M.M POLYTECHNIC COLLEGE"
"848","9750110102","848kptc@gmail.com","KUMARAN POLYTECHNIC COLLEGE"
"850","9600294289","thaai.poly@gmail.com","THAAI POLYTECHNIC COLLEGE"
"845","9952035499","sapcvellore@gmail.com","SRI ANNAI POLYTECHNIC COLLEGE"
"860","9994572722","bnpcadmin@gmail.com","BHARATH NIKETAN POLYTECHNIC COLLEGE"
"864","9843205439","mrkptc2010@gmail.com","MRK POLYTECHNIC COLLEGE"
"870","7373777650","psvpolytechnic@gmail.com","PSV POLYTECHNIC COLLEGE"
"851","8608491959","mpcprincipal@gmail.com","MEENAKSHI POLYTECHNIC COLLEGE"
"846","9442600907","hitechpark@yahoo.co.in","HI-TECH POLYTECHNIC COLLEGE"
"869","8344508658","rpc.college@gmail.com","RANGANATHAN POLYTECHNIC COLLEGE"
"872","9751692365","872vptc@gmail.com","VELLORE POLYTECHNIC COLLEGE"
"858","9943120526","drkalamcollege@gmail.com","DR. KALAM POLYTECHNIC COLLEGE"
"843","9585558835","smptc843@gmail.com","SRI MAHALAKSHMI POLYTECHNIC COLLEGE"
"867","7871337323","stjospolydgl@gmail.com","ST. JOSEPH'S POLYTECHNIC COLLEGE"
"868","9047621631","maharaja.ptcollege@gmail.com","MAHARAJA POLYTECHNIC COLLEGE"
"861","9443398762","principal.xavierpoly@gmail.com","ST. XAVIER'S POLYTECHNIC COLLEGE"
"565","9443736441","565lcpc@gmail.com","LALGUDI CO-OPERATIVE POLYTECHNIC COLLEGE"
"877","9095630003","ssrptc@gmail.com","SSR POLYTECHNIC COLLEGE"
"880","6379318326","ksmpolytechnic@yahoo.com","K.S.M. POLYTECHNIC COLLEGE"
"881","9443012481","HINDUSTHANPOLYTECHNIC@GMAIL.COM","HINDUSTHAN POLYTECHNIC COLLEGE"
"887","9629269898","887kapipolytechnic@gmail.com","KAPI POLYTECHNIC COLLEGE"
"909","9659909090","senthurpolytechnic@gmail.com","SENTHUR POLYTECHNIC COLLEGE"
"892","9976568940","venkatramanapolytechnic@gmail.com","VENKATRAMANA POLYTECHNIC COLLEGE"
"592","8220013688","mampc@yahoo.com","M A M POLYTECHNIC COLLEGE"
"895","7373057775","mariapolytechnic@gmail.com","MARIA POLYTECHNIC COLLEGE"
"569","9080386156","principaljjpolytechnic@gmail.com","J J POLYTECHNIC COLLEGE"
"894","8778542376","angelpolyprincipal@gmail.com","ANGEL POLYTECHNIC COLLEGE"
"912","9487234285","smpcpalacode@gmail.com","SRI MOOGAMBIGAI POLYTEHNIC COLLEGE"
"896","8870317136","egspp@yahoo.com","E G S PILLAI POLYTECHNIC COLLEGE"
"911","9952351190","pppcprincipal@gmail.com","PARIMALA PANDURANGAN POLYTECHNIC COLLEGE"
"875","6385342650","kongunadugdr@gmail.com","KONGUNADU POLYTECHNIC COLLEGE"
"893","8760981616","893svpc@gmail.com","SRI VENKATESWARA POLYTECHNIC COLLEGE"
"902","9884311519","srpolytechnic@gmail.com","SITA RAJARAM POLYTECHNIC COLLEGE"
"879","9789234615","cmspoly2016@outlook.com","CMS POLYTECHNIC COLLEGE"
"907","9443179605","907vpc@gmail.com","VARADHARAJAN POLYTECHNIC COLLEGE"
"888","9080897088","SKPC888@YAHOO.COM","SADASIVAM KATHIRKAMAVALLI POLYTECHNIC COLLEGE"
"885","9843457875","vatsapoly@gmail.com","SRI VATSA POLYTECHNIC COLLEGE"
"937","9489838321","sanpolytechnic@gmail.com","SRI ANDAL NACHIYAR POLYTECHNIC COLLEGE"
"926","9486992461","ksaednltrust.poly@gmail.com","KAMARAJAR POLYTECHNIC COLLEGE"
"915","9751628595","drmegasp2001@gmail.com","E S POLYTECHNIC COLLEGE"
"916","9159109090","officekonguhitek@gmail.com","KONGHU HI-TEK POLYTECHNIC COLLEGE"
"918","8489419607","thirumagalpolytechnic@gmail.com","THIRUMAGAL POLYTECHNIC COLLEGE"
"925","9843997700","psgponnammalpolytechnic@gmail.com","P S G PONNAMMAL POLYTECHNIC COLLEGE"
"919","9488389656","cpmtrust@gmail.com","St. JUDE'S POLYTECHNIC COLLEGE"
"701","9443290346","vetrivinayaha701@gmail.com","VETRI VINAYAHA POLYTECHNIC COLLEGE"
"946","9444334830","arasupolytechnic@gmail.com","ARASU POLYTECHNIC COLLEGE"
"924","9095141894","psvpoly@gmail.com","P S V POLYTECHNIC COLLEGE"
"938","9486304352","easwaredu2012@gmail.com","EASWAR POLYTECHNIC COLLEGE"
"917","8903475090","poly.suthanthira@gmail.com","SUTHANTHIRA POLYTECHNIC COLLEGE"
"928","8903150411","ammaiapparpoly@gmail.com","AMMAIAPPAR POLYTECHNIC COLLEGE"
"933","9789686500","veludaiyarpolytechnic@gmail.com","VELUDAIYAR POLYTECHNIC COLLEGE"
"934","9443453641","vmcsipc@gmail.com","VETHAMONICKAM MEMORIAL CSI POLYTECHNIC COLLEGE"
"935","9361444407","info-polytechnic@jct.ac.in","JCT POLYTECHNIC COLLEGE"
"936","9566055122","principal.kptc936@gmail.com","KURINJE  POLYTECHNIC COLLEGE"
"927","9659332475","rvrehaptc@gmail.com","R V REHA POLYTECHNIC COLLEGE"
"921","9944090850","modernpolytechnic@gmail.com","MODERN POLYTECHNIC COLLEGE"
"940","9444326115","mspolytechnic@yahoo.com","M.S.POLYTECHNIC COLLEGE"
"939","9884996832","dbpcoffice@gmail.com","DON BOSCO POLYTECHNIC COLLEGE"
"944","8667387479","944mietprincipal@gmail.com","MADURAI INSTITUTE OF ENGINEERING AND TECHNOLOGY"
"913","9159925757","913principal@gmail.com","RATHNA POLYTECHNIC COLLEGE"
"943","9787470790","srceprince2009@gmail.com","SRI RANGAPOOPATHI COLLEGE OF ENGINEERING"
"211","9944488036","SRKVTECH56@GMAIL.COM","SRI RAMAKRISHNA MISSION VIDYALAYA POLY. COLLEGE"
"947","9444256780","principal@gkmcet.net.in","GKM COLLEGE OF ENGINEERING AND TECHNOLOGY"
"209","9443348536","coe@psgpolytech.ac.in","P S G POLYTECHNIC COLLEGE"
"948","9842691771","mstmst2009@gmail.com","SHRI SAI BABA POLYTECHNIC COLLEGE"
"953","9486808445","kmvpolytechnic@gmail.com","KMV POLYTECHNIC COLLEGE"
"956","9944949811","srsptcsalem@gmail.com","SRS POLYTECHNIC COLLEGE"
"212","9842304202","principal@nptc.ac.in","NACHIMUTHU POLYTECHNIC COLLEGE"
"955","9442593817","npcprincipal@nyruthi.in","NYRUTHI OLYTECHNIC COLLEGE"
"116","9003093791","tnptc116@gmail.com","TAMILNADU POLYTECHNIC COLLEGE"
"216","9442238477","slm_tpt@sancharnet.in","THIAGARAJAR POLYTECHNIC COLLEGE"
"790","9659511144","paramveerpolytechnic@gmail.com","PARAMVEER POLYTECHNIC COLLEGE"
"950","9047174863","lcrcet@gmail.com","JAYA INSTITUTE OF TECHNOLOGY"
"226","9443455876","pacrpoly@gmail.com","P A C RAMASAMY RAJA'S POLYTECHNIC COLLEGE"
"276","9442258196","principal@periyarpolytech.com","PERIYAR CENTENARY POLYTECHNIC COLLEGE"
"175","9444549346","ddgpcw@yahoo.co.in","DR DHARMAMBAL GOVT POLYTECHNIC COLLEGE FOR WOMEN"
"229","9442561073","sankarpolytech@gmail.com","SANKAR POLYTECHNIC COLLEGE"
"225","9443569332","vsvnpoly@gmail.com","V S VELLAICHAMY NADAR POLYTECHNIC COLLEGE"
"705","8012505002","principalkpc@gmail.com","KONGUNADU POLYTECHNIC COLLEGE"
"710","6383306036","eepabpc@gmail.com","PAVENDAR BHARATHIDASAN POLYTECHNIC COLLEGE"
"101","9443399394","cptcchennai@yahoo.co.in","CENTRAL POLYTECHNIC COLLEGE"
"952","9787101046","principalmass@gmail.com","MASS POLYTECHNIC COLLEGE"
"954","9244502277","sreesakthi2673@gmail.com","SREE SAKTHI ENGINEERING COLLEGE"
"713","9787300802","spcoffice07@yahoo.com","SUDHARSHANA POLYTECHNIC COLLEGE"
"715","9940759106","715srirengapolytechnic@gmail.com","SRI RENGA POLYTECHNIC COLLEGE"
"210","9894221182","examcitspc@gmail.com","C I T SANDWICH POLYTECHNIC COLLEGE"
"724","9944110972","mitpolytech@gmail.com","MUSIRI INSTITUTE OF TECHNOLOGY"
"378","9444109787","irtpolychennai@gmail.com","I R T POLYTECHNIC COLLEGE"
"310","9600149166","MKPTPRINCIPAL@GMAIL.COM","MEENAKSHI KRISHNAN POLYTECHNIC COLLEGE"
"349","8012506075","sapc_mdu@yahoo.co.in","SEETHAIAMMAL POLYTECHNIC COLLEGE"
"104","9443399394","leathertech104@gmail.com","INSTITUTE OF LEATHER TECHNOLOGY"
"404","6382732773","gttc404@gmail.com","GOVERNMENT TECHNICAL TRAINING CENTRE"
"279","9486746658","anjaptsvk@gmail.com","AYYA NADAR JANAKIAMMAL POLYTECHNIC COLLEGE"
"313","9842334533","eptoffice@rediffmail.com","ELUMALAI POLYTECHNIC COLLEGE"
"729","9842463500","kpcmpi@gmail.com","KARTHIKEYA POLYTECHNIC COLLEGE"
"371","9443437978","avptc04@gmail.com","ANNAI VELANKANNI POLYTECHNIC COLLEGE"
"122","9442920620","gptdharmapuri@gmail.com","GOVERNMENT POLYTECHNIC COLLEGE"
"132","9443118802","gptcpdui@gmail.com","GOVERNMENT POLYTECHNIC COLLEGE"
"326","9442115773","tspt_slm@yahoo.com","THE SALEM POLYTECHNIC COLLEGE"
"202","9444706636","principaloffice@rkmshome.org","RAMAKRISHNA MISSION POLYTECHNIC COLLEGE"
"139","9444331445","gptuthangarai@gmail.com","GOVERNMENT POLYTECHNIC COLLEGE"
"223","9443881831","RUKSHANPOLY@YAHOO.CO.IN","RUKMINI SHANMUGAM POLYTECHNIC COLLEGE"
"351","9080216174","pnpolytechnicprincipal@yahoo.com","PASUMPON NETHAJI POLYTECHNIC COLLEGE"
"514","9600188273","office@amspolytechnic.ac.in","AALIM MUHAMMED SALEGH POLYTECHNIC COLLEGE"
"383","9789845233","bharathpoly_1985@yahoo.co.in","BHARATH POLYTECHNIC COLLEGE"
"756","9750981087","jayarampoly@gmail.com","JAYARAM POLYTECHNIC COLLEGE"
"538","9865290911","538sbm@gmail.com","S B M INSTITUTE OF TECHNOLOGY"
"560","9500627498","raja_sptc@rediffmail.com","SAMUEL POLYTECHNIC COLLEGE"
"757","9944265224","imayampolycollege@gmail.com","IMAYAM POLYTECHNIC COLLEGE"
"890","8778271433","kamatchi890@gmail.com","KAMATCHI POLYTECHNIC COLLEGE"
"562","9994103010","srisitheswarar@gmail.com","SRI SITHESWARAR POLYTECHNIC COLLEGE"
"581","8903451362","principal_apc@amrita.edu.in","AMRITA POLYTECHNIC COLLEGE"
"897","9443155682","r.joshuaarulkumar@ranepolytechnic.edu.in","RANE POLYTECHNIC TECHNICAL CAMPUS"
"906","9629634104","jeevanpolyedu@gmail.com","JEEVAN POLYTECHNIC COLLEGE"
"221","9791711816","sittrichy@gmail.com","THE SESHASAYEE INSTITUTE OF TECHNOLOGY"
"595","9442513159","shreenivasapolytechnic@gmail.com","SHREENIVASA POLYTECHNIC COLLEGE"
"578","9940413511","admin@cpat.co.in","T S SRINIVASAN POLYTECHNIC COLLEGE"
"707","9865314402","707mrpc@gmail.com","MEENAAKSHI RAMASAMY POLYTECHNIC COLLEGE"
"521","9600860934","sugunapolytechniccollege@gmail.com","SUGUNA POLYTECHNIC COLLEGE"
"115","7845044165","gptc_trichy@yahoo.co.in","GOVERNMENT POLYTECHNIC COLLEGE"
"714","9092927971","tkspoly@yahoo.co.in","THENI KAMMAVAR SANGAM POLYTECHNIC COLLEGE"
"725","9865477018","tipcprincipal@gmail.com","THE INDIAN POLYTECHNIC COLLEGE"
"550","9965753636","nm550npc@gmail.com","NANDHA POLYTECHNIC COLLEGE"
"711","9442512007","srgpolytechnic@yahoo.com","S R G POLYTECHNIC COLLEGE"
"949","9578960539","vmpc2016@gmail.com","VASANTHA MURUGU POLYTECHNIC COLLEGE"
"218","9842652936","218ssgpc@gmail.com","SRINIVASA SUBBARAYA POLYTECHNIC COLLEGE"
"526","9841427048","sriayyappa_526@yahoo.co.in","SRI AYYAPPA POLYTECHNIC COLLEGE"
"332","9443780308","avcpoly@yahoo.com","A V C C POLYTECHNIC COLLEGE"
"767","9894196811","dbpolytgm8@gmail.com","DON BOSCO POLYTECHNIC COLLEGE"
"741","9600069828","npptc2008@yahoo.com","NARASIMMA PALLAVAN POLYTECHNIC COLLEGE"
"735","9965531777","735excelpolytechnic@gmail.com","EXCEL POLYTECHNIC COLLEGE"
"768","8220011602","vpcoll1@yahoo.co.in","VIVEKANANDA POLYTECHNIC COLLEGE"
"876","9443686151","vaanipolytechnic@gmail.com","VAANI POLYTECHNIC COLLEGE"
"802","6380443682","josephpolytechnic.cbe@gmail.com","ST. JOSEPH  POLYTECHNIC COLLEGE"
"908","9894909860","kptc2012@gmail.com","KUMARAN POLYTECHNIC COLLEGE"
"855","9842074333","855rectprincipal@gmail.com","RECT POLYTECHNIC COLLEGE"
"865","9443481246","tirumalaptcollege@gmail.com","TIRUMALA POLYTECHNIC COLLEGE"
"778","9865418393","apptc778@gmail.com","ADI PARASAKTHI POLYTECHNIC COLLEGE"
"816","9976118611","svhpcgobi@gmail.com","SHREE VENKATESHWARA HI TECH POLYTECHNIC COLLEGE"
"891","9443528302","tepc2k11@ymail.com","THEVANESAM ERUDHAYA AMMAL POLYTECHNIC COLLEGE"
"825","7373776530","825vjp@gmail.com","V.J.P.POLYTECHNIC COLLEGE"
"844","9597174194","manorapolytechniccollege@gmail.com","MANORA POLYTECHNIC COLLEGE"
"874","7373797970","everestpolytechnic.epc@gmail.com","EVEREST POLYTECHNIC COLLEGE"
"920","9865749677","kasokapolytechnic@gmail.com","KA.SO.KA. POLYTECHNIC COLLEGE"
"738","9442429755","srpc253322@yahoo.in","SRI RENGESWARAR POLYTECHNIC COLLEGE"
"941","7339169589","polytechnickamaraj@gmail.com","PERUNTHALAIVAR K KAMARAJAR POLYTECHNIC COLLEGE"
"749","8807842789","aktplacement749@gmail.com","A K T MEMORIAL POLYTECHNIC COLLEGE"
"931","9994917677","jkcollege2013@gmail.com","JAI KRISHNA POLYTECHNIC COLLEGE"
"901","9003886360","erodecheran@gmail.com","CHERAN POLYTECHNIC COLLEGE"
"945","8489210999","akypoly@gmail.com","AKY POLYTECHNIC COLLEGE"
"306","9444252328","srptpoly@gmail.com","SRIRAM POLYTECHNIC COLLEGE"
"374","9444051202","princi.cpclpoly@gmail.com","C P C L POLYTECHNIC COLLEGE"
"541","9944428986","sdpc@sdpc.ac.in","SRI DURGADEVI POLYTECHNIC COLLEGE"
"563","9445252693","jbptvp@gmail.com","JOHN BOSCO POLYTECHNIC COLLEGE"
"567","9841228833","567principal@gmail.com","JAYA POLYTECHNIC COLLEGE"
"859","9894936115","TJSPOLYTECHNICCOLLEGE@GMAIL.COM","T.J.S. POLYTECHNIC COLLEGE"
"951","9840589647","JCET.PC@GMAIL.COM","JAYA COLLEGE OF ENGINEERING AND TECHNOLOGY"
"203","9443450744","mrgptsys@murugappapoly.ac.in","MURUGAPPA POLYTECHNIC COLLEGE"
"305","9444728761","atapc_305@yahoo.co.in","ARULMIGU THIRIPURASUNDARIAMMAN POLY. COLLEGE"
"805","9443596734","805.dbpc@gmail.com","DON BOSCO POLYTECHNIC  COLLEGE"
"505","9841319260","psb_505@yahoo.co.in","P S B POLYTECHNIC COLLEGE"
"561","9789366663","561dusipolytechnic@gmail.com","DUSI POLYTECHNIC COLLEGE"
"747","9787303272","srpc747@gmail.com","SRI RENUGAMBAL POLYTECHNIC COLLEGE"
"748","9443811612","dhivyapolytechnic@gmail.com","DHIVYA POLYTECHNIC COLLEGE"
"307","9444767617","vpt307@gmail.com","VALLIAMMAI POLYTECHNIC COLLEGE"
"128","9443109733","128gptc@gmail.com","GOVERNMENT POLYTECHNIC COLLEGE"
"587","9750988224","587principal@gmail.com","A R J POLYTECHNIC COLLEGE"
"830","9965580437","info@muthayammal.org","MUTHAYAMMAL POLYTECHNIC INSTITUTION"
"862","9787806659","swamivivekanandapolytechnic@gmail.com","SWAMI VIVEKANANDA POLYTECHNIC COLLEGE"
"318","9965196908","318nlp@gmail.com","NANJIAH LINGAMMAL POLYTECHNIC COLLEGE"
"360","7639036831","CKPC360@GMAIL.COM","CHRIST THE KING INSTI.OF TECHNOLOGY"
"178","9443872030","bcmwpolytechnic@gmail.com","B C M  WOMENS POLYTECHNIC COLLEGE"
"142","9942470129","gptckelamangalam@gmail.com","GOVERNMENT POLYTECHNIC COLLEGE"
"277","0","0","Padmabhushan Sri N Ramaswami Ayyar Memorial Polytechnic College For Girls"
"309","0","0","Saint Michaels Polytechnic College"
"321","0","0","Erode Institute Of Chemical Technology"
"344","0","0","Arulmigu Kallalakar Polytechnic College"
"369","9942690343","sdurairaj234@gmail.com","Thirumathi Elizabeth Polytechnic College"
"389","0","0","Pee Gee Polytechnic College"
"416","0","0","Regional Labour Institute"
"504","0","0","Srm Polytechnic College"
"518","0","0","Amrita Institute Of Technologyy"
"527","0","0","Tirupattur Polytechnic College"
"531","0","0","Infant Jesus Polytechnic College"
"575","0","0","M A R Polytechnic College"
"585","0","0","Aravindar Polytechnic College"
"596","0","0","Sri Vengateswaraa Polytechnic College"
"708","0","0","The New Polytechnic College"
"731","9597824339","erodekongu731@gmail.com","Erode Kongu College Of Polytechnic"
"746","0","0","Sri Annamalaiyar Polytechnic College"
"770","0","0","The Kevin Polytechnic College"
"792","0","0","Nm Polytechnic College"
"793","0","0","Sri Venkatesvara Polytechnic College"
"807","0","0","Sri Nandhanam Polytechnic College"
"826","0","0","Mnsk Polytechnic College"
"834","0","0","Prince Polytechnic College The Winners Polytechnic College"
"847","0","0","Sva College Of Polytechnic"
"852","0","0","Amma Polytechnic College"
"854","0","0","JeevaS Polytechnic College"
"856","0","0","Al Islamiya Polytechnic College"
"873","0","0","J.R. Polytechnic College"
"878","0","0","Pothigai Polytechnic College"
"882","0","0","Spect Polytechnic College"
"884","0","0","Siragu College Of Polytechnic College"
"886","0","0","Lakshmi Subramanian Polytechnic College"
"889","0","0","Girivaasan Polytechnic College"
"905","0","0","Sri Ramachandra Polytechnic College"
"910","0","0","S. Padmavathy Polytechnic College"
"914","0","0","Nadar Mahajana Sangam Vimala Chelladurai Polytechnic College"
"923","0","0","Immanuel Arasar J.J College Of Engg College"
"929","0","0","Padmashree Polytechnic College"
"930","0","0","Meenatchi Govindarajan Polytechnic College"
"932","0","0","Sri Boghar Polytechnic College"
"957","9489116081","jjsheebha@gmail.com","Rohini College Of Engineering & Technology"
"419","9894785505","kennubhai@gmail.com","Indira Gandhi Polytechnic College"
"942","9788028954","pgipolytechnic@gmail.com","Ambal Professional Group Of Institutions"
"573","9443145883","chandypolytech@gmail.com","CHANDY POLYTECHNIC COLLEGE"
"215","9443346216","office@sakthitech.net","SAKTHI POLYTECHNIC COLLEGE"
"224","9443609578","principal@annmalaipolytechnic.in","ANNAMALAI POLYTECHNIC COLLEGE"
"898","8883088099","rspctanjore@gmail.com","RAMYA SATHIANATHAN POLYTECHNIC COLLEGE"
"827","9942933173","gppoly827@gmial.com","G.P.POLYTECHNIC COLLEGE"
"382","9994594158","adhiyamaanpolytech@gmail.com","ADHIYAMAAN POLYTECHNIC COLLEGE"
"899","9500402749","meritpoly@yahoo.com","MERIT POLYTECHNIC COLLEGE"
"789","9047180795","kkseduins@gmail.com","K.K.S. MANI POLYTECHNIC COLLEGE"
"866","9443450771","admin@vivekanandapolytechnic.edu.in","VIVEKANANDA POLYTECHNIC COLLEGE"
"336","9750970182","roeverspoly@gmail.com","THANTHAI ROEVER INSTITUTE OF POLYTECHNIC COLLEGE"
"759","9698993994","principaltvpc759@gmail.com","THIRUVALLUVAR POLYTECHNIC COLLEGE"
"791","9894138566","SRNMPC@GMAIL.COM","SRI S.RAMASAMY NAIDU MEMORIAL POLYTECHNIC COLLEGE"
"144","9442624101","vgptc144@gmail.com","GOVERNMENT POLYTECHNIC COLLEGE"
"786","9788853001","marutamnelli@gmail.com","MARUTAM NELLI POLYTECHNIC COLLEGE"
