college_id,college_code,college_name
720,6128,VARUVAN VADIVELAN INSTITUTE OF TECHNOLOGY
846,7215,Nehru Institute of Information Technology and Management 
1025,9117,MOUNT ZION COLLEGE OF ENGINEERING AND TECHNOLOGY
1067,9223,"UNIVERSITY COLLEGE OF ENGINEERING, DINDIGUL"
607,4114,NEW PRINCE SHRI BHAVANI COLLEGE OF ENGINEERING AND TECHNOLOGY
1128,9605,CAPE INSTITUTE OF TECHNOLOGY
1319,105,INSTITUTE OF TEXTILE TECHNOLOGY
672,5117,Pallavan College of Engineering
753,6221,PAAVAI ENGINEERING COLLEGE
609,4116,Prince Dr.K.Vasudevan College of Engineering and Technology
1798,2,Alagappa college of technology anna university
870,7239,"Arjun College of Technology , Coimbatore "
487,1115,R M D Engineering College (Autonomous)
978,8201,A.R.J. COLLEGE OF ENGINEERING AND TECHNOLOGY
1066,9222,Theni Kammavar Sangam College of Technology
1151,9628,"UNIVERSITY COLLEGE OF ENGINEERING, NAGERCOIL"
1317,103,INSTITUTE OF CHEMICAL TECHNOLOGY
943,8125,MAHALAKSHMI ENGINEERING COLLEGE
1321,109,T P E V R GOVERNMENT POLYTECHNIC COLLEGE
1320,106,STATE INSTITUTE OF COMMERCE EDUCATION
1316,102,INSTITUTE OF PRINTING TECHNOLOGY
993,8215,Prime College of Architecture & Planning 
918,8100,"University College of Engineering, BIT Campus, Trichy"
961,8144,"Sudharsan Engineering College,Pudukkottai"
533,2114,PANIMALAR ENGINEERING COLLEGE
1059,9215,R.V.S. College of Engineering
913,7333,JAIRUPAA COLLEGE OF ENGINEERING
1090,9506,EINSTEIN COLLEGE OF ENGINEERING
1323,111,GOVERNMENT POLYTECHNIC COLLEGE
636,4210,Quannta school of software engineering
1333,123,GOVERNMENT POLYTECHNIC COLLEGE
1337,127,GOVERNMENT POLYTECHNIC COLLEGE
1322,110,GOVERNMENT POLYTECHNIC COLLEGE
1324,112,GOVERNMENT POLYTECHNIC COLLEGE
1325,113,GOVERNMENT POLYTECHNIC COLLEGE
1328,118,GOVERNMENT POLYTECHNIC COLLEGE
1329,119,GOVERNMENT POLYTECHNIC COLLEGE
1336,126,GOVERNMENT POLYTECHNIC COLLEGE
1330,120,GOVERNMENT POLYTECHNIC COLLEGE
1331,121,GOVERNMENT POLYTECHNIC COLLEGE
1334,124,GOVERNMENT POLYTECHNIC COLLEGE
1335,125,GOVERNMENT POLYTECHNIC COLLEGE
1327,117,ALAGAPPA POLYTECHNIC COLLEGE
1796,1130,Vel Tech High Tech Dr.Rangarajan Dr.Sakunthala Engineering College (An Autonomous Institution)
1350,140,GOVERNMENT POLYTECHNIC COLLEGE
1362,178,B C M  WOMENS POLYTECHNIC COLLEGE
1341,131,GOVERNMENT POLYTECHNIC COLLEGE
1360,176,GOVERNMENT POLYTECHNIC COLLEGE FOR WOMEN
1343,133,GOVERNMENT POLYTECHNIC COLLEGE
1351,141,GOVERNMENT POLYTECHNIC COLLEGE
1344,134,GOVERNMENT POLYTECHNIC COLLEGE
1355,145,GOVERNMENT POLYTECHNIC COLLEGE
1354,144,GOVERNMENT POLYTECHNIC COLLEGE
1348,138,GOVERNMENT POLYTECHNIC COLLEGE
1357,147,GOVERNMENT POLYTECHNIC COLLEGE
1345,135,GOVERNMENT POLYTECHNIC COLLEGE
1356,146,GOVERNMENT POLYTECHNIC COLLEGE
1352,142,GOVERNMENT POLYTECHNIC COLLEGE
1339,129,GOVERNMENT POLYTECHNIC COLLEGE
1358,148,GOVERNMENT POLYTECHNIC COLLEGE
1340,130,GOVERNMENT POLYTECHNIC COLLEGE
1353,143,GOVERNMENT POLYTECHNIC COLLEGE
915,7376,BANNARI AMMAN INSTITUTE OF TECHNOLOGY
1346,136,GOVERNMENT POLYTECHNIC COLLEGE
1361,177,GOVERNMENT POLYTECHNIC COLLEGE FOR WOMEN
1363,201,P T LEE CHENGALVARAYA NAICKER POLYTECHNIC COLLEGE
1347,137,GOVERNMENT POLYTECHNIC COLLEGE
1365,204,BAKTHAVATSALAM POLYTECHNIC COLLEGE
1390,304,ADHIPARASAKTHI POLYTECHNIC COLLEGE
1367,207,RAJAGOPAL POLYTECHNIC COLLEGE
944,8126,M.A.M College of Engineering
1368,208,MUTHIAH POLYTECHNIC COLLEGE
1795,4,"Madras Institute of Technology, Anna University"
1370,213,SRI KRISHNA POLYTECHNIC COLLEGE
1372,215,SAKTHI POLYTECHNIC COLLEGE
1374,218,SRINIVASA SUBBARAYA POLYTECHNIC COLLEGE
1384,275,G R G POLYTECHNIC COLLEGE 
1379,224,ANNAMALAI POLYTECHNIC COLLEGE
1375,219,VALIVALAM DESIKAR POLYTECHNIC COLLEGE
1383,231,N P A CENTENARY POLYTECHNIC COLLEGE
1366,205,A M K TECHNOLOGICAL POLYTECHNIC COLLEGE
1380,227,MOHAMMED SATHAK POLYTECHNIC COLLEGE
1381,228,ARASAN GANESAN POLYTECHNIC COLLEGE
1377,222,ARULMIGU PALANIANDAVAR POLYTECHNIC COLLEGE
1376,220,PATTUKKOTTAI POLYTECHNIC COLLEGE
1371,214,E I T POLYTECHNIC COLLEGE
1386,280,A D J DHARMAMBAL POLYTECHNIC COLLEGE
1373,217,S S M POLYTECHNIC COLLEGE
1387,301,V RAMAKRISHNA POLYTECHNIC COLLEGE
1388,302,MEENAKSHI AMMAL POLYTECHNIC COLLEGE
1395,311,SWAMY ABEDHANANDHA POLYTECHNIC COLLEGE
1792,1234567,Demo College 2
1389,303,SRI NALLALAGHU POLYTECHNIC COLLEGE
1382,230,KAMARAJ POLYTECHNIC COLLEGE
1413,334,C C M RAMAKRISHNA POLYTECHNIC COLLEGE
1410,331,SUBRAMANIAN POLYTECHNIC COLLEGE
1405,325,ANNAI J K K SAMPOORANI AMMAL POLYTECHNIC COLLEGE
1398,315,SANKARA POLYTECHNIC COLLEGE
1417,340,K L NAGASWAMY MEMORIAL POLYTECHNIC COLLEGE
1414,335,THE KARUR POLYTECHNIC COLLEGE
1401,319,NANJAPPA  POLYTECHNIC COLLEGE
1402,320,KONGU POLYTECHNIC COLLEGE
1403,323,THIRU RAMAKRISHNA NALLAMMAI POLYTECHNIC COLLEGE
1396,312,PANDIYAN POLYTECHNIC COLLEGE
1400,318,NANJIAH LINGAMMAL POLYTECHNIC COLLEGE
1416,337,M I E T POLYTECHNIC COLLEGE
812,7144,TEJAA SHAKTHI INSTITUTE OF TECHNOLOGY FOR WOMEN
1407,327,MUTHAYAMMAL POLYTECHNIC COLLEGE
1404,324,AL-AMEEN POLYTECHNIC COLLEGE
1411,332,A V C C POLYTECHNIC COLLEGE
1412,333,SHANMUGA POLYTECHNIC COLLEGE
1423,347,ARULMIGU KALASALINGAM POLYTECHNIC COLLEGE
1409,329,C S I POLYTECHNIC COLLEGE
1399,317,SREE NARAYANAGURU POLYTECHNIC COLLEGE
1418,341,RATHINAVEL SUBRAMANIAM POLYTECHNIC COLLEGE
1419,342,THE CHRISTIAN INST. FOR TECH EDN POLYTECH COLLEGE
1420,343,THANGAM-MUTHU POLYTECHNIC COLLEGE
1421,345,THANAPANDIYAN POLYTECHNIC COLLEGE
1422,346,SEIKALATHUR KAMATCHIAMMAN POLYTECHNIC COLLEGE
1424,348,RAMU SEETHA POLYTECHNIC COLLEGE
1438,363,SRINIVASA POLYTECHNIC COLLEGE
1428,352,LAKSHMIAMMAL POLYTECHNIC COLLEGE
1455,382,ADHIYAMAAN POLYTECHNIC COLLEGE
1446,372,PANIMALAR POLYTECHNIC COLLEGE
1443,368,KALAIVANAR N S K POLYTECHNIC COLLEGE
1435,359,THAI MOOGAMBIGAI POLYTECHNIC COLLEGE
1447,373,THIRU SEVEN HILLS POLYTECHNIC COLLEGE
1432,356,MORNING STAR POLYTECHNIC COLLEGE
1433,357,NOORUL ISLAM POLYTECHNIC COLLEGE
1434,358,SRI VENKATESWARA POLYTECHNIC COLLEGE
1408,328,K S RENGASAMY INSTITUTE OF TECHNOLOGY
1437,362,RAJAJI INSTITUTE OF TECHNOLOGY
1442,367,MSP VELAYUTHANADAR LAKSHMITHAIAMMAL  POLY.COLLEGE
1439,364,G M S  M A V M M POLYTECHNIC COLLEGE
1440,365,PARK AMC POLYTECHNIC COLLEGE
1441,366,ARULMIGU SENTHILANDAVAR POLYTECHNIC COLLEGE
1454,381,SREE KRISHNA POLYTECHNIC COLLEGE
1452,379,I R T POLYTECHNIC COLLEGE
1444,370,PALLAVAN POLYTECHNIC COLLEGE
1430,354,GOMATHI AMBAL POLYTECHNIC COLLEGE
1429,353,S A RAJA'S POLYTECHNIC COLLEGE
1449,375,MODERATOR GNANADASAN POLYTECHNIC COLLEGE
1426,350,SRI SOWDAMBIKA POLYTECHNIC COLLEGE
1450,377,N A MANJAMMAL POLYTECHNIC COLLEGE
852,7221,SVS School of Architecture
1458,385,SRI BALAJI POLYTECHNIC COLLEGE
867,7236,"Pollachi institute of engineering and technology, pollachi"
1453,380,I R T POLYTECHNIC COLLEGE
882,7302,Al ameen Engineering College (Autonomous)
897,7317,M.P. NACHIMUTHU M. JAGANATHAN ENGINEERING COLLEGE
894,7314,J.K.K.MUNIRAJAH SCHOOL OF ARCHITECTURE
889,7309,EXCEL ENGINEERING COLLEGE
1048,9204,Kamaraj College of Engineering and Technology 
886,7306,EXCEL COLLEGE OF ARCHITECTURE AND PLANNING
900,7320,MAHARAJA PRITHVI ENGINEERING COLLEGE
899,7319,MAHARAJA ENGINEERING COLLEGE FOR WOMEN
898,7318,MAHARAJA ENGINEERING COLLEGE
1460,387,SRI KRISHNA POLYTECHNIC COLLEGE
1461,388,RANIPET INSTITUTE OF TECHNOLOGY
1466,409,HIET POLYTECHNIC COLLEGE
890,7310,GEM BUSINESS ACADEMY
1465,408,SIGA POLYTECHNIC COLLEGE
1464,405,INSTITUTE OF CERAMIC TECHNOLOGY
1467,410,S M P A INSTITUTE OF PRINTING TECHNOLOGY
1457,384,VIGNESH POLYTECHNIC COLLEGE
1459,386,DR M G R POLYTECHNIC COLLEGE
888,7308,EXCEL COLLEGE OF TECHNOLOGY
927,8109,Holy Angels School of Business
843,7211,"STUDY WORLD COLLEGE OF ENGINEERING, COIMBATORE"
1473,501,JAYARAJ ANNAPACKIAM C S I POLYTECHNIC COLLEGE
1481,510,RUDHRAVENI MUTHUSAMY POLYTECHNIC COLLEGE
1468,413,INSTITUTE OF TOOL ENGINEERING
1480,509,ER. PERUMAL MANIMEKALAI POLYTECHNIC COLLEGE
1482,511,SRI RAMAKRISHNA POLYTECHNIC COLLEGE
734,6202,Annai mathammal sheela Engineering college 
596,4103,ARM COLLEGE OF ENGINEERING AND TECHNOLOGY
509,1137,ANNAI MIRA COLLEGE OF ENGINEERING AND TECHNOLOGY 
656,5101,Adhiparasakthi College of Engineering
1484,513,LATHA MATHAVAN POLYTECHNIC COLLEGE
821,7153,Asian College of Engineering and Technology 
1478,507,PRIYADARSHINI POLYTECHNIC COLLEGE
522,2103,Arignar Anna institute of science and technology 
1475,503,S A POLYTECHNIC COLLEGE
1488,517,KRISHNASAMY MEMORIAL POLYTECHNIC COLLEGE
1479,508,MARUTHI POLYTECHNIC COLLEGE
1474,502,SRI SAIRAM POLYTECHNIC COLLEGE
1477,506,KUMARAN POLYTECHNIC COLLEGE
1487,516,VENKATESWARA POLYTECHNIC COLLEGE
1483,512,SRI VENKATESWARA POLYTECHNIC COLLEGE
1496,528,SEMBODAI R V POLYTECHNIC COLLEGE
1012,9104,Fatima Michael College of engineering and technology 
1501,535,RAJADESINGH POLYTECHNIC COLLEGE
608,4115,PERI INSTITUTE OF TECHNOLOGY
599,4106,Dhaanish Ahmed College of Engineering 
871,7240,"DHAANISH AHMED INSTITUTE OF TECHNOLOGY,COIMBATORE"
519,1201,Jaya School of Architecture 
1489,519,SCAD GRAMODHAYA POLYTECHNIC COLLEGE
1510,547,S R I POLYTECHNIC COLLEGE
1507,544,S M ARUMUGAM POLYTECHNIC COLLEGE
1498,532,SRI KRISHNA POLYTECHNIC COLLEGE
839,7207,HINDUSTHAN COLLEGE OF ENGINEERING AND TECHNOLOGY
1492,522,MURUGESAN INSTITUTE OF TECHNOLOGY
1493,523,SRI RAGAVENDRA POLYTECHNIC COLLEGE
1494,525,K S R POLYTECHNIC COLLEGE
1092,9508,Government College of Engineering
1506,542,LAKSHMI NARAYANA POLYTECHNIC COLLEGE
1500,534,PADALESWARAR POLYTECHNIC COLLEGE
1503,539,ANNDAVAR POLYTECHNIC COLLEGE
1509,546,THE KAVERY POLYTECHNIC COLLEGE
1504,540,LITTLE FLOWER POLYTECHNIC COLLEGE
1490,520,SRI MUTHALAMMAN POLYTECHNIC COLLEGE
1499,533,PAAVAI POLYTECHNIC COLLEGE
1508,545,VIVEKANANDA POLYTECHNIC COLLEGE
1526,564,SRI ADHISANKARAR POLYTECHNIC COLLEGE
1514,551,DHANALAKSHMI SRINIVASAN POLYTECHNIC COLLEGE
1534,572,APOLLO POLYTECHNIC COLLEGE
1512,549,P G P POLYTECHNIC COLLEGE
1520,558,D P C POLYTECHNIC COLLEGE
668,5113,KINGSTON ENGINEERING COLLEGE
1515,552,BHARATH POLYTECHNIC COLLEGE
1135,9612,Loyola Institute of Technology and Science 
1537,576,P A POLYTECHNIC COLLEGE
1516,553,SRI VENKATACHALAPATHY POLYTECHNIC COLLEGE
611,4118,RRASE COLLEGE OF ENGINEERING
1518,555,MURUGA POLYTECHNIC COLLEGE
617,4124,Sri Sai Ram Institute of Technology 
1519,556,THIRUTHANI POLYTECHNIC COLLEGE
1532,570,PONNAIYAH RAMAJAYAM POLYTECHNIC COLLEGE
1497,529,K A R POLYTECHNIC COLLEGE
1530,568,UDAYA POLYTECHNIC COLLEGE
1431,355,ST XAVIERS POLYTECHNIC COLLEGE
1528,566,PASTOR LENSSEN POLYTECHNIC COLLEGE
1511,548,ARIES POLYTECHNIC COLLEGE
1521,559,P V POLYTECHNIC COLLEGE
1517,554,CHEYYAR POLYTECHNIC COLLEGE
1536,574,MAHENDRA POLYTECHNIC COLLEGE
1533,571,VANDAYAR POLYTECHNIC COLLEGE
1547,587,A R J POLYTECHNIC COLLEGE
1535,573,CHANDY POLYTECHNIC COLLEGE
1546,586,PONNAIYAH RAMAJAYAM POLYTECHNIC COLLEGE
1540,579,SURYA POLYTECHNIC COLLEGE
1543,582,MOTHER TERASA POLYTECHNIC COLLEGE
1544,583,SAKTHI INSTITUTE OF FASHION TECHNOLOGY
1554,594,P S R POLYTECHNIC COLLEGE
1559,618,BHARATH INST OF CATRNG TECNLGY & HOTEL MNGT
1545,584,SUDHARSAN POLYTECHNIC COLLEGE
1550,590,THE KONGU POLYTECHNIC COLLEGE
1538,577,R V S POLYTECHNIC COLLEGE
1557,598,THE KAAVERY INSTITUTE OF TECHNOLOGY
1551,591,KONGHU VELALAR POLYTECHINIC COLLEGE
618,4125,Sri Sairam Engineering College
1541,580,F X POLYTECHNIC COLLEGE
1549,589,CHENDHURAN POLYTECHNIC COLLEGE
1553,593,NAGA SIVA POLYTECHNIC COLLEGE
1558,599,MAHARANI POLYTECHNIC COLLEGE
1556,597,SRINIVASAN POLYTECHNIC COLLEGE
1548,588,ARULMURUGAN POLYTECHNIC COLLEGE
621,4128,SRM VALLIAMMAI ENGINEERING COLLEGE
1561,702,AAROORAN POLYTECHNIC COLLEGE
1562,703,ELUMALAIYAN POLYTECHNIC COLLEGE
1565,706,MASS POLYTECHNIC COLLEGE
1563,704,MAISURII  POLYTECHNIC COLLEGE
1282,2719,Sri Ramakrishna Engineering College
1569,712,SRI BHARATHI VELU POLYTECHNIC COLLEGE
1579,722,UDHAYAM POLYTECHNIC COLLEGE
1095,9511,INFANT JESUS COLLEGE OF ENGINEERING AND TECHNOLOGY
1573,716,N P R POLYTECHNIC COLLEGE.
1574,717,SRI VENKATESHWARAA POLYTECHNIC COLLEGE
1575,718,THE SURABI COLLEGE OF POLYTECHNIC
1576,719,NATIONAL INSTITUTE OF POLYTECHNIC
1577,720,P S N POLYTECHNIC COLLEGE
1590,734,KOTTAI MARIAMMAN POLYTECHNIC COLLEGE
1585,728,BHAVANI POLYTECHNIC COLLEGE
1578,721,ROYAL POLYTECHNIC COLLEGE
1797,1114,Prathyusha engineering college
1583,726,P S N INSTITUTE OF TECHNOLOGY
1093,9509,Holycross Engineering college 
1584,727,SRI RAJIV GANDHI POLYTECHNIC COLLEGE
1592,736,SHREE  MARUTHI POLYTECHNIC COLLEGE
1587,730,SRI RAMAKRISHNA POLYTECHNIC COLLEGE
1588,732,GANDHI POLYTECHNIC COLLEGE
1595,739,VOICE OF GOD POLYECHNIC COLLEGE
1580,723,CAPE POLYTECHNIC COLLEGE
1589,733,SALEM KONGU POLYTECHNIC COLLEGE
1593,737,PAAVENDHAR POLYTECHNIC COLLEGE
1596,740,SRI BALAKRISHNA POLYTECHNIC COLLEGE
1599,743,GUDIYATTAM POLYTECHNIC COLLEGE
1601,745,RAJALAKSHMI POLYTECHNIC COLLEGE
1619,765,SIR ISSAC NEWTON POLYTECHNIC COLLEGE
1600,744,SRI RAMACHANDRA POLYTECHNIC COLLEGE
1115,9532,"UNIVERSITY COLLEGE OF ENGINEERING, THOOTHUKUDI"
781,7113,K P R INSTITUTE OF ENGINEERING AND TECHNOLOGY
1605,750,AYYAPPA POLYTECHNIC COLLEGE
1606,752,SASTHA POLYTECHNIC COLLEGE
1607,753,MAHATH AMMA POLYTECHNIC COLLEGE
1620,766,HAJI SHEIK ISMAIL POLYTECHNIC COLLEGE
1609,755,SRI BHARATHI POLYTECHNIC COLLEGE FOR WOMEN
1616,762,N V POLYTECHNIC COLLEGE
1624,772,PET POLYTECHNIC COLLEGE
1612,758,ANNAI COLLEGE OF POLYTECHNIC COLLEGE
1614,760,SRI BALAMURUGAN POLYTECHNIC COLLEGE
1088,9504,Dr.G.U.Pope College of Engineering
1615,761,JAYAM POLYTECHNIC COLLEGE
1608,754,ST. JOSEPH POLYTECHNIC COLLEGE
1626,775,UNION CHRISTIAN POLYTECHNIC COLLEGE
1618,764,SRI RANGANATHAR INSTITUTE OF POLYTECHNIC COLLEGE
1623,769,ST. MICHEAL POLYTECHNIC COLLEGE
1621,767,DON BOSCO POLYTECHNIC COLLEGE
1617,763,THIRUVALLUVAR POLYTECHNIC COLLEGE
1625,774,UDAYA INSTITUTE OF TECHNOLOGY
1598,742,CHOLAN INSTITUTE OF TECHNOLOGY
1635,785,GURU RAAGAVINDRA POLYTECHNIC COLLEGE
1628,777,VICKRAM POLYTECHNIC COLLEGE
1638,789,K.K.S. MANI POLYTECHNIC COLLEGE
1627,776,SRI RAMAKRISHNA POLYTECHNIC COLLEGE
1630,780,S.VEERASAMY CHETTIAR POLYTECHNIC COLLEGE
1650,804,SRI SANTHOSHI POLYTECHNIC COLLEGE
1654,809,SRI SAKTHI POLYTECHNIC COLLEGE
1634,784,S.V.S POLYTECHNIC COLLEGE
1632,782,S S K POLYTECHNIC COLLEGE
1637,788,MIT POLYTECHNIC COLLEGE
1633,783,SRI KARPAGA POLYTECHNIC COLLEGE
1644,797,SRI PADMAM POLYTECHNIC COLLEGE
1653,808,THIRUMALAI-MADHANUR POLYTECHNIC COLLEGE
1646,799,SRI VIGNESH POLYTECHNIC COLLEGE
1642,795,ST.MARIAM POLYTECHNIC COLLEGE
1643,796,SREE KUMARAGURU POLYTECHNIC COLLEGE
1631,781,C.M. ANNAMALAI POLYTECNIC COLLEGE
1636,786,MARUTAM NELLI POLYTECHNIC COLLEGE
1652,806,VETHATHIRI MAHARISHI INSTITUTE OF TECHNOLOGY
1647,801,SRI RAMANA INSTITUTE OF POLYTECHNIC COLLEGE
1645,798,SRI VINAYAGA POLYTECHNIC COLLEGE
1649,803,AISHWARYA POLYTECHNIC COLLEGE
1640,791,SRI S.RAMASAMY NAIDU MEMORIAL POLYTECHNIC COLLEGE
1655,810,ST. JOSEPH'S POLYTECHNIC COLLEGE
1656,811,SRI ANNAMALAI POLYTECHNIC COLLEGE
1678,838,VIDHYALAKSHMI POLYTECHNIC COLLEGE
1658,813,SREE ARUMUGHAM POLYTECHNIC COLLEGE
1679,839,KALA PANDIAN POLYTECHNIC COLLEGE
1660,815,NETHAJI SUBASH CHANDRA BOSE POLYTECHNIC COLLEGE
1671,827,G.P.POLYTECHNIC COLLEGE
1663,818,ACHARYA POLYTECHNIC COLLEGE
1681,841,SHRI RAMANAS ABC POLYTECHNIC COLLEGE
1667,822,U.S.P.POLYTECHNIC COLLEGE
1664,819,SRI THIAGARAJAR POLYTECHNIC COLLEGE
1665,820,JESU POLYTECHNIC COLLEGE
1672,829,THIRUMALAI POLYTECHNIC COLLEGE
1673,830,MUTHAYAMMAL POLYTECHNIC INSTITUTION
1668,823,BWDA POLYTECHNIC COLLEGE
1669,824,NACHIAPPA SWAMIGAL POLYTECHNIC COLLEGE
1657,812,SURYA POLYTECHNIC  COLLEGE
1662,817,SHRI KRISHNAA POLYTECHNIC COLLEGE
1674,831,RAASI POLYTECHNIC COLLEGE
1675,833,S.M.S. POLYTECHNIC COLLEGE
1659,814,ANNAI MADHA POLYTECHNIC COLLEGE
1677,837,K E T POLYTECHNIC COLLEGE
1682,842,DEVANGAR POLYTECHNIC COLLEGE
1666,821,K.M.G.POLYTECHNIC COLLEGE
1676,836,S. THANGAPAZHAM POLYTECHNIC COLLEGE
1097,9513,Jayaraj Annapackiam CSI College of Engineering
1683,843,SRI MAHALAKSHMI POLYTECHNIC COLLEGE
1691,853,GOLDEN POLYTECHNIC COLLEGE
1693,857,V.K.P. POLYTECHNIC COLLEGE
1688,849,JEYA POLYTECHNIC COLLEGE
1707,871,M.M POLYTECHNIC COLLEGE
1687,848,KUMARAN POLYTECHNIC COLLEGE
1705,869,RANGANATHAN POLYTECHNIC COLLEGE
1689,850,THAAI POLYTECHNIC COLLEGE
1708,872,VELLORE POLYTECHNIC COLLEGE
1698,862,SWAMI VIVEKANANDA POLYTECHNIC COLLEGE
1685,845,SRI ANNAI POLYTECHNIC COLLEGE
949,8131,Pavendar Bharathidasan College of Engineering and Technology
1696,860,BHARATH NIKETAN POLYTECHNIC COLLEGE
1694,858,DR. KALAM POLYTECHNIC COLLEGE
1793,123456789,Demo college
1706,870,PSV POLYTECHNIC COLLEGE
1690,851,MEENAKSHI POLYTECHNIC COLLEGE
1686,846,HI-TECH POLYTECHNIC COLLEGE
1699,863,SREE VAIKUNDAR POLYTECHNIC COLLEGE
1702,866,VIVEKANANDA POLYTECHNIC COLLEGE
1703,867,ST. JOSEPH'S POLYTECHNIC COLLEGE
1704,868,MAHARAJA POLYTECHNIC COLLEGE
1700,864,MRK POLYTECHNIC COLLEGE
1697,861,ST. XAVIER'S POLYTECHNIC COLLEGE
1527,565,LALGUDI CO-OPERATIVE POLYTECHNIC COLLEGE
1794,1,"College Of Engineering,Guindy Campus"
515,1179,ST.PETER'S ENGINEERING COLLEGE
1531,569,J J POLYTECHNIC COLLEGE
1712,877,SSR POLYTECHNIC COLLEGE
1728,899,MERIT POLYTECHNIC COLLEGE
1714,880,K.S.M. POLYTECHNIC COLLEGE
1715,881,HINDUSTHAN POLYTECHNIC COLLEGE
1727,898,RAMYA SATHIANATHAN POLYTECHNIC COLLEGE
1717,887,KAPI POLYTECHNIC COLLEGE
1735,909,SENTHUR POLYTECHNIC COLLEGE
1552,592,M A M POLYTECHNIC COLLEGE
1724,895,MARIA POLYTECHNIC COLLEGE
1721,892,VENKATRAMANA POLYTECHNIC COLLEGE
1723,894,ANGEL POLYTECHNIC COLLEGE
1737,912,SRI MOOGAMBIGAI POLYTEHNIC COLLEGE
1725,896,E G S PILLAI POLYTECHNIC COLLEGE
1736,911,PARIMALA PANDURANGAN POLYTECHNIC COLLEGE
1710,875,KONGUNADU POLYTECHNIC COLLEGE
1722,893,SRI VENKATESWARA POLYTECHNIC COLLEGE
1730,902,SITA RAJARAM POLYTECHNIC COLLEGE
1713,879,CMS POLYTECHNIC COLLEGE
1733,907,VARADHARAJAN POLYTECHNIC COLLEGE
1718,888,SADASIVAM KATHIRKAMAVALLI POLYTECHNIC COLLEGE
1716,885,SRI VATSA POLYTECHNIC COLLEGE
1756,937,SRI ANDAL NACHIYAR POLYTECHNIC COLLEGE
1739,915,E S POLYTECHNIC COLLEGE
551,2176,E.V.P. ENGINEERING COLLEGE
1740,916,KONGHU HI-TEK POLYTECHNIC COLLEGE
1742,918,THIRUMAGAL POLYTECHNIC COLLEGE
1747,925,P S G PONNAMMAL POLYTECHNIC COLLEGE
1743,919,St. JUDE'S POLYTECHNIC COLLEGE
549,2130,SREE SASTHA SCHOOL OF ARCHITECTURE AND PLANNING
1560,701,VETRI VINAYAHA POLYTECHNIC COLLEGE
1764,946,ARASU POLYTECHNIC COLLEGE
1746,924,P S V POLYTECHNIC COLLEGE
1757,938,EASWAR POLYTECHNIC COLLEGE
1748,926,KAMARAJAR POLYTECHNIC COLLEGE
1741,917,SUTHANTHIRA POLYTECHNIC COLLEGE
1750,928,AMMAIAPPAR POLYTECHNIC COLLEGE
1752,933,VELUDAIYAR POLYTECHNIC COLLEGE
1753,934,VETHAMONICKAM MEMORIAL CSI POLYTECHNIC COLLEGE
1754,935,JCT POLYTECHNIC COLLEGE
1755,936,KURINJE  POLYTECHNIC COLLEGE
1749,927,R V REHA POLYTECHNIC COLLEGE
1745,921,MODERN POLYTECHNIC COLLEGE
1759,940,M.S.POLYTECHNIC COLLEGE
1758,939,DON BOSCO POLYTECHNIC COLLEGE
1762,944,MADURAI INSTITUTE OF ENGINEERING AND TECHNOLOGY
1738,913,RATHNA POLYTECHNIC COLLEGE
1761,943,SRI RANGAPOOPATHI COLLEGE OF ENGINEERING
1780,211,SRI RAMAKRISHNA MISSION VIDYALAYA POLY. COLLEGE
1765,947,GKM COLLEGE OF ENGINEERING AND TECHNOLOGY
1639,790,PARAMVEER POLYTECHNIC COLLEGE
1779,209,P S G POLYTECHNIC COLLEGE
1766,948,SHRI SAI BABA POLYTECHNIC COLLEGE
1771,953,KMV POLYTECHNIC COLLEGE
1787,276,PERIYAR CENTENARY POLYTECHNIC COLLEGE
1785,226,P A C RAMASAMY RAJA'S POLYTECHNIC COLLEGE
1774,956,SRS POLYTECHNIC COLLEGE
1773,955,NYRUTHI OLYTECHNIC COLLEGE
1776,116,TAMILNADU POLYTECHNIC COLLEGE
1782,216,THIAGARAJAR POLYTECHNIC COLLEGE
1777,175,DR DHARMAMBAL GOVT POLYTECHNIC COLLEGE FOR WOMEN
1768,950,JAYA INSTITUTE OF TECHNOLOGY
493,1121,SAMS COLLEGE OF ENGINEERING AND TECHNOLOGY
507,1135,RVS Padmavathy School of Architecture.
1786,229,SANKAR POLYTECHNIC COLLEGE
1784,225,V S VELLAICHAMY NADAR POLYTECHNIC COLLEGE
1564,705,KONGUNADU POLYTECHNIC COLLEGE
1767,949,VASANTHA MURUGU POLYTECHNIC COLLEGE
1567,710,PAVENDAR BHARATHIDASAN POLYTECHNIC COLLEGE
1775,101,CENTRAL POLYTECHNIC COLLEGE
1770,952,MASS POLYTECHNIC COLLEGE
1772,954,SREE SAKTHI ENGINEERING COLLEGE
1570,713,SUDHARSHANA POLYTECHNIC COLLEGE
1572,715,SRI RENGA POLYTECHNIC COLLEGE
1369,210,C I T SANDWICH POLYTECHNIC COLLEGE
1581,724,MUSIRI INSTITUTE OF TECHNOLOGY
1451,378,I R T POLYTECHNIC COLLEGE
1394,310,MEENAKSHI KRISHNAN POLYTECHNIC COLLEGE
1318,104,INSTITUTE OF LEATHER TECHNOLOGY
1349,139,GOVERNMENT POLYTECHNIC COLLEGE
1385,279,AYYA NADAR JANAKIAMMAL POLYTECHNIC COLLEGE
1397,313,ELUMALAI POLYTECHNIC COLLEGE
1445,371,ANNAI VELANKANNI POLYTECHNIC COLLEGE
1436,360,CHRIST THE KING INSTI.OF TECHNOLOGY
1406,326,THE SALEM POLYTECHNIC COLLEGE
1364,202,RAMAKRISHNA MISSION POLYTECHNIC COLLEGE
1425,349,SEETHAIAMMAL POLYTECHNIC COLLEGE
615,4122,SRI LAKSHMI AMMAL ENGINEERING COLLEGE
1415,336,THANTHAI ROEVER INSTITUTE OF POLYTECHNIC COLLEGE
1378,223,RUKMINI SHANMUGAM POLYTECHNIC COLLEGE
1427,351,PASUMPON NETHAJI POLYTECHNIC COLLEGE
1485,514,AALIM MUHAMMED SALEGH POLYTECHNIC COLLEGE
1463,404,GOVERNMENT TECHNICAL TRAINING CENTRE
1586,729,KARTHIKEYA POLYTECHNIC COLLEGE
1332,122,GOVERNMENT POLYTECHNIC COLLEGE
1359,149,GOVERNMENT POLYTECHNIC COLLEGE
1456,383,BHARATH POLYTECHNIC COLLEGE
581,3124,ST.JOSEPH'S INSTITUTE OF TECHNOLOGY
1342,132,GOVERNMENT POLYTECHNIC COLLEGE
1610,756,JAYARAM POLYTECHNIC COLLEGE
1502,538,S B M INSTITUTE OF TECHNOLOGY
925,8107,CARE College of Engineering
1522,560,SAMUEL POLYTECHNIC COLLEGE
1611,757,IMAYAM POLYTECHNIC COLLEGE
1719,890,KAMATCHI POLYTECHNIC COLLEGE
1524,562,SRI SITHESWARAR POLYTECHNIC COLLEGE
1542,581,AMRITA POLYTECHNIC COLLEGE
1726,897,RANE POLYTECHNIC TECHNICAL CAMPUS
1732,906,JEEVAN POLYTECHNIC COLLEGE
1783,221,THE SESHASAYEE INSTITUTE OF TECHNOLOGY
1555,595,SHREENIVASA POLYTECHNIC COLLEGE
1539,578,T S SRINIVASAN POLYTECHNIC COLLEGE
1566,707,MEENAAKSHI RAMASAMY POLYTECHNIC COLLEGE
1491,521,SUGUNA POLYTECHNIC COLLEGE
1326,115,GOVERNMENT POLYTECHNIC COLLEGE
1571,714,THENI KAMMAVAR SANGAM POLYTECHNIC COLLEGE
1513,550,NANDHA POLYTECHNIC COLLEGE
920,8102,CAUVERY COLLEGE OF ENGINEERING AND TECHNOLOGY
1568,711,S R G POLYTECHNIC COLLEGE
1582,725,THE INDIAN POLYTECHNIC COLLEGE
921,8103,DESIGNED ENVIRONMENT ACADEMY AND RESEARCH INSTITUTE
930,8112,INDRA GANESAN COLLEGE OF ENGINEERING
586,3129,ANAND SCHOOL OF ARCHITECTURE
926,8108,HALLMARK BUSINESS SCHOOL
616,4123,SRI RAMANUJAR ENGINEERING COLLEGE
845,7214,NEHRU INSTITUTE OF ENGINEERING AND TECHNOLOGY
1091,9507,FRANCIS XAVIER ENGINEERING COLLEGE
1495,526,SRI AYYAPPA POLYTECHNIC COLLEGE
650,4224,"UNIVERSITY COLLEGE OF ENGINEERING, TINDIVANAM"
948,8130,OXFORD ENGINEERING COLLEGE
680,5125,SHRI SAPTHAGIRI INSTITUTE OF TECHNOLOGY
972,8155,SURYA COLLEGE OF ENGINEERING
932,8114,JAYARAM COLLEGE OF ENGINEERING AND TECHNOLOGY
935,8117,K.Ramakrishnan College of Technology
679,5124,SARASWATHI VELU COLLEGE OF ENGINEERING
956,8139,SHIVANI ENGINEERING COLLEGE
950,8132,PAVENDAR BHARATHIDASAN INSTITUTE OF INFORMATION TECHNOLOGY
563,3107,Jawahar Engineering College
964,8147,SRM TRP ENGINEERING COLLEGE
957,8140,SHIVANI COLLEGE OF ENGINEERING AND TECHNOLOGY
958,8141,SHIVANI SCHOOL OF BUSINESS MANAGEMENT
955,8138,SARANATHAN COLLEGE OF ENGINEERING
939,8121,M.A.M. SCHOOL OF ENGINEERING
962,8145,THE SELVAM WOMEN EXCELLENCE ENGINEERING TECHNOLOGY
942,8124,M.I.E.T. ENGINEERING COLLEGE
936,8118,KURINJI COLLEGE OF ENGINEERING AND TECHNOLOGY
789,7121,MCGAN'S OOTY SCHOOL OF ARCHITECTURE
937,8119,M.A.M. SCHOOL OF ARCHITECTURE
1597,741,NARASIMMA PALLAVAN POLYTECHNIC COLLEGE
1591,735,EXCEL POLYTECHNIC COLLEGE
473,1101,Aalim Muhammed Salegh College Of Engineering
1613,759,THIRUVALLUVAR POLYTECHNIC COLLEGE
1622,768,VIVEKANANDA POLYTECHNIC COLLEGE
1648,802,ST. JOSEPH  POLYTECHNIC COLLEGE
1734,908,KUMARAN POLYTECHNIC COLLEGE
1692,855,RECT POLYTECHNIC COLLEGE
1701,865,TIRUMALA POLYTECHNIC COLLEGE
1629,778,ADI PARASAKTHI POLYTECHNIC COLLEGE
1661,816,SHREE VENKATESHWARA HI TECH POLYTECHNIC COLLEGE
1711,876,VAANI POLYTECHNIC COLLEGE
1720,891,THEVANESAM ERUDHAYA AMMAL POLYTECHNIC COLLEGE
1670,825,V.J.P.POLYTECHNIC COLLEGE
1684,844,MANORA POLYTECHNIC COLLEGE
1709,874,EVEREST POLYTECHNIC COLLEGE
1744,920,KA.SO.KA. POLYTECHNIC COLLEGE
1594,738,SRI RENGESWARAR POLYTECHNIC COLLEGE
1760,941,PERUNTHALAIVAR K KAMARAJAR POLYTECHNIC COLLEGE
1604,749,A K T MEMORIAL POLYTECHNIC COLLEGE
1751,931,JAI KRISHNA POLYTECHNIC COLLEGE
1729,901,CHERAN POLYTECHNIC COLLEGE
822,7154,PARK INSTITUTE OF ARCHITECTURE
976,8159,PRIME NEST COLLEGE  OF ARCHITECTURE AND PLANNING
1763,945,AKY POLYTECHNIC COLLEGE
1039,9131,VELAMMAL COLLEGE OF ENGINEERING AND TECHNOLOGY
503,1131,Veltech Multitech Dr. Rangarajan Dr. Sakunthala Engineering College
746,6214,MAHA BARATHI ENGINEERING COLLEGE
1392,306,SRIRAM POLYTECHNIC COLLEGE
1448,374,C P C L POLYTECHNIC COLLEGE
1505,541,SRI DURGADEVI POLYTECHNIC COLLEGE
1525,563,JOHN BOSCO POLYTECHNIC COLLEGE
1529,567,JAYA POLYTECHNIC COLLEGE
1695,859,T.J.S. POLYTECHNIC COLLEGE
1769,951,JAYA COLLEGE OF ENGINEERING AND TECHNOLOGY
1778,203,MURUGAPPA POLYTECHNIC COLLEGE
476,1104,BHAJARANG ENGINEERING COLLEGE
494,1122,SEVA RATHNA VALLAL RCK COLLEGE OF ENGINEERING
747,6215,MAHENDRA COLLEGE OF ENGINEERING
474,1102,AALIM MUHAMMED SALEGH ACADEMY OF ARCHITECTURE
496,1124,SRI VENKATESWARA COLLEGE OF ENGINEERING AND TECHNOLOGY
508,1136,SCHOOL OF ARCHITECTURE ST.PETER'S COLLEGE OF ENGINEERING AND TECHNOLOGY
489,1116,R M K College of Engineering and Technology (Autonomous)
486,1119,S A Engineering College
1138,9615,MARIA COLLEGE OF ENGINEERING AND TECHNOLOGY
1060,9216,SBM COLLEGE OF ENGINEERING AND TECHNOLOGY
1062,9218,Sree Sowdambika College of Engineering Aruppukottai 
778,7110,INFO INSTITUTE OF ENGINEERING
901,7321,Nandha College of Technology
722,6130,VIVEKANANDHA COLLEGE OF TECHNOLOGY FOR WOMEN
772,7104,CHRIST THE KING ENGINEERING COLLEGE
1016,9108,KARAIKUDI INSTITUTE OF TECHNOLOGY AND KARAIKUDI INSTITUTE OF MANAGEMENT
788,7120,MAHARAJA INSTITUTE OF TECHNOLOGY
569,3113,MEASI ACADEMY OF ARCHITECTURE
835,7203,Akshaya college of engineering and technology
658,5103,ARULMIGU MEENAKSHI AMMAN COLLEGE OF ENGINEERING
928,8110,IMAYAM COLLEGE OF ENGINEERING
940,8122,M.A.M.B. SCHOOL
959,8142,SHRI ANGALA AMMAN COLLEGE OF ENGINEERING AND TECHNOLOGY
1047,9203,CHRISTIAN COLLEGE OF ENGINEERING AND TECHNOLOGY
814,7146,R V S COLLEGE OF COMPUTER APPLICATION
612,4119,SHRI ANDAL ALAGAR COLLEGE OF ENGINEERING
1391,305,ARULMIGU THIRIPURASUNDARIAMMAN POLY. COLLEGE
1651,805,DON BOSCO POLYTECHNIC  COLLEGE
626,4178,S.R.M. ENGINEERING COLLEGE
1006,8301,Government College of Engineering Srirangam 
1393,307,VALLIAMMAI POLYTECHNIC COLLEGE
628,4202,A.C.T. COLLEGE OF ENGINEERING AND TECHNOLOGY
631,4205,AKSHEYAA COLLEGE OF ENGINEERING
1476,505,P S B POLYTECHNIC COLLEGE
667,5112,KANCHI PALLAVAN ENGINEERING COLLEGE
671,5116,PALLAVA RAJA COLLEGE OF ENGINEERING
1523,561,DUSI POLYTECHNIC COLLEGE
1602,747,SRI RENUGAMBAL POLYTECHNIC COLLEGE
1603,748,DHIVYA POLYTECHNIC COLLEGE
646,4221,St. Anne's College of Engineering and Technology
538,2119,RAJIV GANDHI COLLEGE OF ENGINEERING
553,2178,SRI PADMAVATHY COLLEGE OF ENGINEERING
554,2179,V.K.K. VIJAYAN ENGINEERING COLLEGE
576,3119,ROYAL INSTITUTE OF MANAGEMENT STUDIES & COMPUTER APPLICATION
584,3127,THE NEW ROYAL COLLEGE OF ENGINEERING AND TECHNOLOGY
598,4105,ARS COLLEGE OF ENGINEERING
603,4110,GOPAL RAMALINGAM MEMORIAL ENGINEERING COLLEGE
544,2125,SRI KALAIMAGAL COLLEGE OF ENGINEERING
543,2124,SREE SASTHA INSTITUTE OF ENGINEERING AND TECHNOLOGY
1338,128,GOVERNMENT POLYTECHNIC COLLEGE
844,7212,KARPAGAM INSTITUTE OF TECHNOLOGY
534,2115,Panimalar Institute of Technology 
678,5123,S.K.P. INSTITUTE OF TECHNOLOGY
675,5120,SRI RAMANA MAHARISHI COLLEGE OF ENGINEERING
677,5122,S.K.P. ENGINEERING COLLEGE
562,3106,EASWARI ENGINEERING COLLEGE
547,2128,JAYA COLLEGE OF ENGINEERING AND TECHNOLOGY
510,1138,SRI JAYARAM INSTITUTE OF ENGINEERING AND TECHNOLOGY
712,6120,SAPTHAGIRI COLLEGE OF ENGINEERING
479,1107,J N N INSTITUTE OF ENGINEERING
475,1103,GRT INSTITUTE OF ENGINEERING AND TECHNOLOGY
501,1129,VEL TECH
478,1106,INDIRA INSTITUTE OF ENGINEERING AND TECHNOLOGY
506,1134,KUMARAN INSTITUTE OF TECHNOLOGY
481,1109,JAYA SURIYA ENGINEERING COLLEGE
482,1110,JOHN BOSCO ENGINEERING COLLEGE
485,1113,R.M.K.Engineering College
512,1176,DEEN DAYAL ENGINEERING COLLEGE
514,1178,RAJA RAJESWARI ENGINEERING COLLEGE
511,1139,INTERNATIONAL MARITIME ACADEMY
518,1182,P.M.R. INSTITUTE OF TECHNOLOGY
523,2104,CHENNAI INSTITUTE OF TECHNOLOGY
531,2112,MADHA INSTITUTE OF ENGINEERING AND TECHNOLOGY
540,2121,SAKTHI MARIAMMAN ENGINEERING COLLEGE
513,1177,J.A. INSTITUTE OF ENGINEERING AND TECHNOLOGY
516,1180,VEL TECH
517,1181,DR.M.G.R. ENGINEERING COLLEGE
526,2107,KALSAR COLLEGE OF ENGINEERING
909,7329,VELALAR COLLEGE OF ENGINEERING AND TECHNOLOGY
520,2101,ALPHA COLLEGE OF ENGINEERING
532,2113,P.B. COLLEGE OF ENGINEERING
529,2110,JEPPIAAR MAAMALLAN ENGINEERING COLLEGE
530,2111,MADHA ENGINEERING COLLEGE
931,8113,J.J.College Of Engineering and Technology
527,2108,KINGS ENGINEERING COLLEGE
537,2118,RAJALAKSHMI SCHOOL OF ARCHITECTURE
567,3111,LOYOLA - ICAM COLLEGE OF ENGINEERING AND TECHNOLOGY
528,2109,LOYOLA INSTITUTE OF TECHNOLOGY
535,2116,RAJALAKSHMI ENGINEERING COLLEGE
546,2127,SRI VENKATESWARA COLLEGE OF ENGINEERING
565,3109,JERUSALEM COLLEGE OF ENGINEERING
500,1128,TJS Engineering College
490,1118,Veltech Multitech Dr. Rangarajan Dr. Sakunthala Engineering College
941,8123,M.A.R. COLLEGE OF ENGINEERING AND TECHNOLOGY
550,2131,PAPNI SCHOOL OF ARCHITECTURE
575,3118,MOHAMMED SATHAK A.J.COLLEGE OF ENGINEERING
555,3100,"ANNA UNIVERSITY, TARAMANI CAMPUS"
557,3102,JAGANNATH INSTITUTE OF TECHNOLOGY
559,3104,DHANALAKSHMI SRINIVASAN BUSINESS SCHOOL
558,3103,CENTRAL INSTITUTE OF PLASTICS ENGINEERING AND TECHNOLOGY
827,7177,"GOVERNMENT COLLEGE OF TECHNOLOGY, COIMBATORE"
539,2120,SKR Engineering College 
595,4102,APOLLO PRIYADARSHANAM INSTITUTE OF TECHNOLOGY
974,8157,ELIZABETH COLLEGE OF ENGINEERING AND TECHNOLOGY
541,2122,Saveetha Engineering college (Autonomous)
587,3130,DA VINCI SCHOOL OF DESIGN AND ARCHITECTURE
589,3132,ST. MARY'S SCHOOL OF MANAGEMENT STUDIES
579,3122,SRI SIVASUBRAMANIYA NADAR COLLEGE OF ENGINEERING
591,3134,NATIONAL INSTITUTE OF TECHNICAL TEACHERS TRAINING AND RESEARCH
592,3176,AARUPADAI VEEDU INSTITUTE OF TECHNOLOGY
593,3177,HINDUSTAN COLLEGE OF ENGINEERING
580,3123,ST.JOSEPH'S COLLEGE OF ENGINEERING
602,4109,GALAXY INSTITUTE OF MANAGEMENT
604,4111,INDIRA GANDHI COLLEGE OF ENGINEERING AND TECHNOLOGY FOR WOMEN
605,4112,LORD AYYAPPA INSTITUTE OF ENGINEERING AND TECHNOLOGY
594,4101,ADHI COLLEGE OF ENGINEERING AND TECHNOLOGY
975,8158,NELLIANDAVAR INSTITUTE OF TECHNOLOGY
497,1125,SRI VENKATESWARA INSTITUTE OF SCIENCE AND TECHNOLOGY
582,3125,T.J. INSTITUTE OF TECHNOLOGY
588,3131,MISRIMAL NAVAJEE MUNOTH JAIN SCHOOL OF ARCHITECTURE
590,3133,"JAWAHAR SCHOOL OF ARCHITECTURE PLANNING AND DESIGN,SALIGRAMAM"
601,4108,G.K.M. COLLEGE OF ENGINEERING AND TECHNOLOGY
633,4207,C.K. COLLEGE OF ENGINEERING & TECHNOLOGY
629,4203,A.R. ENGINEERING COLLEGE
568,3112,MARG Institute of Design and Architecture Swarnabhoomi (MIDAS)
624,4176,B.S.ABDUR RAHMAN CRESCENT ENGINEERING COLLEGE
625,4177,BHARATH INSTITUTE OF SCIENCE AND TECHNOLOGY
635,4209,DR. PAUL'S ENGINEERING COLLEGE
1009,9101,C.R. ENGINEERING COLLEGE
637,4211,IFET COLLEGE OF ENGINEERING
548,2129,St Joseph college of Engineering 
632,4206,ANNAI TERESA COLLEGE OF ENGINEERING
1141,9618,PONJESLY COLLEGE OF ENGINEERING
564,3108,Jeppiaar Engineering College 
566,3110,KCG College of Technology
574,3117,MOHAMED SATHAK A.J ACADEMY OF ARCHITECTURE
577,3120,JEPPIAAR SRR ENGINEERING COLLEGE 
1010,9102,CENTRAL ELECTROCHEMICAL RESEARCH INSTITUTE (CSIR) KARAIKUDI
655,4276,PERUMAL SAMI RISHI ENGINEERING COLLEGE
643,4218,SARASWATHY COLLEGE OF ENGINEERING AND TECHNOLOGY
642,4217,S.R.I COLLEGE OF ENGINEERING AND TECHNOLOGY
644,4219,SRI ARAVINDAR ENGINEERING COLLEGE
663,5108,GANADIPATHY TULSI'S JAIN ENGINEERING COLLEGE
676,5121,RANIPPETTAI ENGINEERING COLLEGE
653,4227,V.R.S. COLLEGE OF ENGINEERING AND TECHNOLOGY
639,4213,KRISHNASAMY COLLEGE OF ENGINEERING AND TECHNOLOGY
640,4214,KRS COLLEGE OF ENGINEERING
654,4228,VEDHANTHA INSTITUTE OF TECHNOLOGY
662,5107,G.G.R. COLLEGE OF ENGINEERING
666,5111,ARUNAI COLLEGE OF ENGINEERING
657,5102,ANNAMALAIAR COLLEGE OF ENGINEERING
665,5110,J E I MATHAAJEE COLLEGE OF ENGINEERING
1043,9176,Alagappa Chettiar Government College of Engineering and Technology
583,3126,THANGAVELU ENGINEERING COLLEGE 
638,4212,KARPAGA VINAYAGA COLLEGE OF ENGINEERING AND TECHNOLOGY
669,5114,OXFORD COLLEGE OF ENGINEERING
1158,9635,STELLA MARY'S COLLEGE OF ENGINEERING
647,4222,Surya Group of Institutions 
699,6107,GOVERNMENT COLLEGE OF ENGINEERING - BARGUR
614,4121,SRI KRISHNA INSTITUTE OF TECHNOLOGY
1075,9231,CHERAN COLLEGE OF ENGINEERING
701,6109,JAYALAKSHMI INSTITUTE OF TECHNOLOGY
706,6114,MAHENDRA ENGINEERING COLLEGE FOR WOMEN
705,6113,MAHENDRA ENGINEERING COLLEGE
690,5135,ANNAI MIRA COLLEGE OF ENGINEERING AND TECHNOLOGY
708,6116,MAHENDRA INSTITUTE OF TECHNOLOGY
683,5128,SRI NANDHANAM COLLEGE OF ENGINEERING AND TECHNOLOGY
684,5129,SRI RENUGAMBAL COLLEGE OF ARCHITECTURE
685,5130,ST.JOHN'S COLLEGE OF ENGINEERING AND TECHNOLOGY FOR WOMEN
691,5136,SHRI SITHESWARAR ENGINEERING COLLEGE
693,6101,ALPHA INSTITUTE OF MANAGEMENT
692,5137,MMES ACADEMY OF ARCHITECTURE
695,6103,ARCHANA INSTITUTE OF TECHNOLOGY
696,6104,COLLEGE OF BUSINESS MANAGEMENT
698,6106,DR.NAGARATHINAM'S COLLEGE OF ENGINEERING
703,6111,KNOWLEDGE BUSINESS SCHOOL
674,5119,Priyadarshi Engineering college 
715,6123,SENGUNTHAR ENGINEERING COLLEGE
704,6112,KNOWLEDGE INSTITUTE OF TECHNOLOGY
730,6177,GOVERNMENT COLLEGE OF ENGINEERING - SALEM
719,6127,THE KAVERY ENGINEERING COLLEGE
688,5133,University College of Engineering ARNI
740,6208,GNANAMANI COLLEGE OF TECHNOLOGY
709,6117,NARASU'S SARATHY INSTITUTE OF TECHNOLOGY
723,6131,VIVEKANANDHA INSTITUTE OF ENGINEERING & TECHNOLOGY FOR WOMEN
1042,9134,DHAYA COLLEGE OF ENGINEERING
739,6207,GNANAMANI COLLEGE OF ENGINEERING
711,6119,RKKR SCHOOL OF MANAGEMENT STUDIES
717,6125,SRI VENKATESWARA INSTITUTE OF ENGINEERING
710,6118,P.S.V.COLLEGE OF ENGINEERING AND TECHNOLOGY
724,6132,VIVEKANANDHA BUSINESS SCHOOL FOR WOMEN
725,6133,VIVEKANANDHA INSTITUTE OF INFORMATION AND MANAGEMENT STUDIES
726,6134,HOSUR INSTITUTE OF TECHNOLOGY AND SCIENCE
728,6136,SPECTRUM COLLEGE OF TECHNOLOGY
732,6179,VINAYAKA MISSIONS KIRUPANANDA VARIYAR ENGINEERING COLLEGE
736,6204,BRAHMA SCHOOL OF BUSINESS
741,6209,GNANAMANI INSTITUTE OF MANAGEMENT STUDIES
742,6210,GREENTECH COLLEGE OF ENGINEERING FOR WOMEN
744,6212,KING COLLEGE OF TECHNOLOGY
735,6203,Bharathiyar Institute of engineering for women
756,6224,SALEM COLLEGE OF ENGINEERING AND TECHNOLOGY
754,6222,PAVAI COLLEGE OF TECHNOLOGY
773,7105,COIMBATORE INSTITUTE OF ENGINEERING AND TECHNOLOGY
727,6135,"Government College of Engineering, Dharmapuri"
774,7106,CSI COLLEGE OF ENGINEERING
721,6129,Vivekanandha College of Engineering for Women
731,6178,SONA COLLEGE OF TECHNOLOGY
771,7103,ANGEL COLLEGE OF ENGINEERING AND TECHNOLOGY
716,6124,Shree Sathyam College of Engineering and Technology 
777,7109,INDUS COLLEGE OF ENGINEERING
751,6219,PAAVAAI GROUP OF INSTITUTIONS
758,6226,SHREENIVASA ENGINEERING COLLEGE
776,7108,DR.NALLINI INSTITUTE OF ENGINEERING AND TECHNOLOGY
766,6234,SKANDHA SCHOOL OF ARCHITECTURE
764,6232,"VASAVI VIDYA TRUST GROUP OF INSTITUTIONS"""""
755,6223,S R S COLLEGE OF ENGINEERING AND TECHNOLOGY
760,6228,SRI GANESH SCHOOL OF BUSINESS MANAGEMENT
1143,9620,SATYAM COLLEGE OF ENGINEERING AND TECHNOLOGY
749,6217,Muthayammal College of Engineering
780,7112,JAI SHRIRAM ENGINEERING COLLEGE
785,7117,KGISL INSTITUTE OF TECHNOLOGY
804,7136,SREE SAKTHI ENGINEERING COLLEGE
801,7133,S N S COLLEGE OF ENGINEERING
790,7122,PARK COLLEGE OF ENGINEERING AND TECHNOLOGY
759,6227,SRG ENGINEERING COLLEGE 
798,7130,RANGANATHAN ARCHITECTURE COLLEGE
745,6213,Kongunadu College of Engineering and Technology 
973,8156,ARIYALUR ENGINEERING COLLEGE 
784,7116,KATHIR COLLEGE OF ENGINEERING
762,6230,Tagore Institute of Engineering and Technology 
775,7107,"Dr.N.G.P Institute of Technology,  Coimbatore "
782,7114,K.P.R.SCHOOL OF BUSINESS
796,7128,R V S COLLEGE OF ENGINEERING AND TECHNOLOGY
786,7118,KTVR KNOWLEDGE PARK FOR ENGINEERING AND TECHNOLOGY
787,7119,KV INSTITUTE OF MANAGEMENT AND INFORMATION STUDIES
794,7126,PRAHAR SCHOOL OF ARCHITECTURE
795,7127,AMBAL PROFESSIONAL GROUP OF INSTITUTIONS
800,7132,RVS INSTITUTE OF MANAGEMENT STUDIES
802,7134,SASURIE ACADEMY OF ENGINEERING
808,7140,SRI SHAKTHI INSTITUTE OF ENGINEERING AND TECHNOLOGY
805,7137,SRI KRISHNA INSTITUTE OF MANAGEMENT
817,7149,"SCHOOL OF ARCHITECTURE,C.I.E.T"
818,7150,SUGUNA COLLEGE OF ENGINEERING
752,6220,PAAVAI COLLEGE OF ENGINEERING
813,7145,UNITED INSTITUTE OF TECHNOLOGY
904,7324,SASURIE COLLEGE OF ENGINEERING 
807,7139,SRI RANGANATHAR INSTITUTE OF ENGINEERING & TECHNOLOGY
826,7176,COIMBATORE INSTITUTE OF TECHNOLOGY
803,7135,SNS COLLEGE OF TECHNOLOGY
830,7180,P.S.G. COLLEGE OF TECHNOLOGY
806,7138,SRI RAMAKRISHNA INSTITUTE OF TECHNOLOGY
828,7178,KARPAGAM COLLEGE OF ENGINEERING
816,7148,SCAD INSTITUTE OF TECHNOLOGY
848,7217,P A COLLEGE OF ENGINEERING AND TECHNOLOGY
819,7151,SUGUNA SPARK BUSINESS SCHOOL
832,7182,AMRITA INSTITUTE OF TECHNOLOGY AND SCIENCE
833,7201,A.S.L. PAULS COLLEGE OF ENGINEERING AND TECHNOLOGY
834,7202,AJK INSTITUTE OF MANAGEMENT
838,7206,HAPPY VALLEY BUSINESS SCHOOL
847,7216,NEHRU INSTITUTE OF MANAGEMENT STUDIES
820,7152,VIVEKANANDA INSTITUTE OF MANAGEMENT STUDIES
809,7141,SRIGURU INSTITUTE OF TECHNOLOGY
791,7123,PARK COLLEGE OF TECHNOLOGY
829,7179,KUMARAGURU COLLEGE OF TECHNOLOGY
859,7228,SRI ESHWAR COLLEGE OF ENGINEERING
1120,9537,AAA College of Engineering and Technology
858,7227,SREE NARAYANA GURU INSTITUTE OF  MANAGEMENT STUDIES
837,7205,EASA College of Engg and Technology
810,7142,Tamilnadu College of Engineering 
811,7143,TAMILNADU SCHOOL OF ARCHITECTURE
836,7204,CMS College of Engineeering and Technology
815,7147,Rvs School of Architecture 
729,6176,"Adhiyamaan College of Engineering (Autonomous), Hosur"
850,7219,DHANALAKSHMI SRINIVASAN COLLEGE OF ENGINEERING
840,7208,Hindusthan Institute of Technology
856,7225,SASI CREATIVE SCHOOL OF BUSINESS
851,7220,S V S COLLEGE OF ENGINEERING
841,7209,JCT College of Engineering and Technology
862,7231,SVS INSTITUTE OF COMPUTER APPLICATIONS
861,7230,SRI VENKATESWARA INSTITUTE OF INFORMATION TECHNOLOGY AND MANAGEMENT
860,7229,SRI VENKATESWARA COLLEGE OF COMPUTER APPLICATIONS AND MANAGEMENT
855,7224,SAN INTERNATIONAL INFO SCHOOL
854,7223,SAN INTERNATIONAL BUSINESS SCHOOL
853,7222,SAKTHI INSTITUTE OF INFORMATION AND MANAGEMENT STUDIES
779,7111,Jansons Institute of Technology 
738,6206,Ganesh College of Engineering
505,1133,Velammal Institute of Technology
767,6235,AVS COLLEGE OF TECHNOLOGY
664,5109,Global Institute of Engineering and Technology
1085,9500,"ANNA UNIVERSITY REGIONAL CAMPUS, TIRUNELVELI"
649,4223,THIRUVALLUVAR COLLEGE OF ENGINEERING AND TECHNOLOGY
823,7155,PSG Institute of Technology and Applied Research 
483,1111,JAYA INSTITUTE OF TECHNOLOGY
542,2123,SREE SASTHA COLLEGE OF ENGINEERING
552,2177,SANTHOSA ENGINEERING COLLEGE
578,3121,SMK FOMRA INSTITUTE OF TECHNOLOGY
606,4113,LORD VENKATESHWARAA ENGINEERING COLLEGE
645,4220,SRI RANGAPOOPATHI COLLEGE OF ENGINEERING
651,4225,"UNIVERSITY COLLEGE OF ENGINEERING, VILLUPURAM"
681,5126,SREE KRISHNA COLLEGE OF ENGINEERING
682,5127,SRI BALAJI CHOCKALINGAM ENGINEERING COLLEGE
713,6121,SENGUNTHAR B SCHOOL FOR WOMEN
748,6216,MUTHAYAMMAL ENGINEERING COLLEGE
783,7115,KALAIGNAR KARUNANIDHI INSTITUTE OF TECHNOLOGY
824,7156,TIPS SCHOOL OF MANAGEMENT
825,7157,TIPS SCHOOL OF ARCHITECTURE
857,7226,SNT GLOBAL ACADEMY OF MANAGEMENT STUDIES AND TECHNOLOGY
902,7322,NANDHA ENGINEERING COLLEGE
929,8111,IMAYAM COLLEGE OF INFORMATION TECHNOLOGY
960,8143,SRINIVASAN ENGINEERING COLLEGE
1005,8227,"GOVERNMENT COLLEGE OF ENGINEERING, THANJAVUR"
1040,9132,VICKRAM COLLEGE OF ENGINEERING
1076,9232,CHERAN SCHOOL OF ARCHITECTURE
1112,9529,SCAD ENGINEERING COLLEGE
1113,9530,ST.MOTHER THERESA ENGINEERING COLLEGE
1144,9621,SIVAJI COLLEGE OF ENGINEERING AND TECHNOLOGY
597,4104,ASAN MEMORIAL COLLEGE OF ENGINEERING & TECHNOLOGY
1124,9601,"ANNAI VAILANKANNI COLLEGE OF ENGINEERING, KANYAKUMARI "
620,4127,Tagore Engineering College 
995,8217,Sir Issac Newton College of Engineering and Technology
885,7305,EXCEL BUSINESS SCHOOL
868,7237,V.S.B. COLLEGE OF ENGINEERING TECHNICAL CAMPUS
872,7241,VISHNU LAKSHMI COLLEGE OF ENGINEERING & TECHNOLOGY
866,7235,NIGHTINGALE INSTITUTE OF TECHNOLOGY
865,7234,N.R. SCHOOL OF ARCHITECTURE
849,7218,RATHINAM TECHNICAL CAMPUS
864,7233,AKSHAYA INSTITUTE OF MANAGEMENT STUDIES
863,7232,SVS INSTITUTE OF MANAGEMENT STUDIES
1036,9128,Syed Ammal Engineering College
793,7125,PPG INSTITUTE OF TECHNOLOGY 
869,7238,SASI CREATIVE SCHOOL OF ARCHITECTURE
873,7242,CAPITAL COLLEGE OF ARCHITECTURE
875,7244,Nehru School of Architecture
879,7277,Sri Krishna college of Engineering and Technology 
884,7304,ERODE SENGUNTHAR ENGINEERING COLLEGE
877,7246,Rathinam School of Architecture
892,7312,JKK MUNIRAJAH COLLEGE OF TECHNOLOGY 
905,7325,SHREE VENKATESHWARA HI-TECH ENGINEERING COLLEGE
916,7377,K.S.RANGASAMY COLLEGE OF TECHNOLOGY
876,7245,San Academy of Architecture
891,7311,Government College of Engineering  Erode
893,7313,J. K. K. NATARAJA COLLEGE OF ENGINEERING AND TECHNOLOGY 
883,7303,Builders Engineering College
903,7323,S.S.M. COLLEGE OF ENGINEERING
896,7316,K S R INSTITUTE FOR ENGINEERING AND TECHNOLOGY
914,7334,KONGU SCHOOL OF ARCHITECTURE
919,8101,C.A.R.E. SCHOOL OF ARCHITECTURE
923,8105,DHANALAKSHMI SRINIVASAN INSTITUTE OF MANAGEMENT
912,7332,VIVEKANANDHA ENGINEERING COLLEGE FOR WOMEN
910,7330,VIDHYA MANDHIR INSTITUTE OF TECHNOLOGY
906,7326,SRI RAMANATHAN ENGINEERING COLLEGE
946,8128,MOOKAMBIGAI COLLEGE OF ENGINEERING
966,8149,DHANALAKSHMI SRINIVASAN COLLEGE OF ENGINEERING
933,8115,K. RAMAKRISHNAN COLLEGE OF ENGINEERING
908,7328,Surya Engineering College 
952,8134,ROEVER COLLEGE OF ENGINEERING AND TECHNOLOGY
945,8127,MEENAKSHI RAMASWAMY ENGINEERING COLLEGE
965,8148,"UNIVERSITY COLLEGE OF ENGINEERING, ARIYALUR"
953,8135,ROEVER ENGINEERING COLLEGE
954,8136,ROEVER INSTITUTE OF MANAGEMENT
934,8116,K.K.C COLLEGE OF ENGINEERING AND TECHNOLOGY
951,8133,R.V.S - K.V.K INSTITUTE OF MANAGEMENT STUDIES
981,8204,ANJALAI AMMAL MAHALINGAM ENGINEERING COLLEGE
971,8154,SRI RAMAKRISHNA COLLEGE OF ENGINEERING
1017,9109,KARPAGA VINAYAGA INSTITUTE OF MANAGEMENT
1004,8226,ARIFA INSTITUTE OF TECHNOLOGY
983,8206,ARASU ENGINEERING COLLEGE
1001,8223,VANDAYAR ENGINEERING COLLEGE
985,8208,E.G.S.PILLAY ENGINEERING COLLEGE
1019,9111,MADURAI INSTITUTE OF ENGINEERING AND TECHNOLOGY
1002,8224,M R K INSTITUTE OF TECHNOLOGY
968,8151,DHANALAKSHMI SRINIVASAN INSTITUTE OF TECHNOLOGY
970,8153,RVS-KVK SCHOOL OF ARCHITECTURE
996,8218,SMR EAST COAST COLLEGE OF ENGINEERING AND TECHNOLOGY
980,8203,A.V.C COLLEGE OF ENGINEERING
982,8205,ANNAI COLLEGE OF ENGINEERING AND TECHNOLOGY
967,8150,DHANALAKSHMI SRINIVASAN INSTITUTE OF RESEARCH AND TECHNOLOGY
979,8202,A.R.J. INSTITUTE OF MANAGEMENT STUDIES
1013,9105,GANAPATHY CHETTIAR COLLEGE OF ENGINEERING AND TECHNOLOGY
1007,8302,SVS INTERNATIONAL COLLEGE OF ARCHITECTURE
1003,8225,SWAMI VIVEKANANDA INSTITUTE OF MANAGEMENT
992,8214,PONNAIYAH RAMAJAYAM COLLEGE OF ENGINEERING AND TECHNOLOGY
986,8209,GNANAM SCHOOL OF BUSINESS
977,8176,PERIYAR MANIAMMAI COLLEGE OF TECHNOLOGY FOR WOMEN
969,8152,NALANDA SCHOOL OF BUSINESS
1046,9202,CHETTINAD COLLEGE OF ENGINEERING AND TECHNOLOGY
1033,9125,SRI RAAJA RAAJAN COLLEGE OF ENGINEERING AND TECHNOLOGY
990,8212,P.R.ENGINEERING COLLEGE 
1028,9120,PANDIAN SARASWATHI YADAV ENGINEERING COLLEGE
999,8221,University College of Engineering Pattukkottai
991,8213,Parisutham Institute of Technology and Science 
1051,9207,M.KUMARASAMY COLLEGE OF ENGINEERING
1056,9212,VEERAMMAL ENGINEERING COLLEGE
1035,9127,ST.MICHAEL COLLEGE OF ENGINEERING & TECHNOLOGY
1024,9116,MOTHER TERASA COLLEGE OF ENGINEERING AND TECHNOLOGY
997,8219,"St.Joseph's College of Engineering and Technology , Thanjavur "
1057,9213,PSNA COLLEGE OF ENGINEERING AND TECHNOLOGY
1031,9123,SACS M.A.V.M.M ENGINEERING COLLEGE
1023,9115,MOHAMED SATHAK ENGINEERING COLLEGE
1029,9121,PANNAI COLLEGE OF ENGINEERING AND TECHNOLOGY
1050,9206,KODAIKANAL INSTITUTE OF TECHNOLOGY
1026,9118,OAA-MAVMM SCHOOL OF MANAGEMENT
1021,9113,MICHAEL INSTITUTE OF MANAGEMENT
1055,9211,ODAIYAPPA COLLEGE OF ENGINEERING AND TECHNOLOGY
1049,9205,KARUR COLLEGE OF ENGINEERING
1063,9219,SRI SUBRAMANYA COLLEGE OF ENGINEERING AND TECHNOLOGY
1037,9129,ULTRA College of Engineering& Technology
1087,9503,GRACE COLLEGE OF ENGINEERING
1038,9130,University College of Engineering Ramanathapuram
1061,9217,SETHU INSTITUTE OF TECHNOLOGY
1079,9236,JAINEE COLLEGE OF ENGINEERING AND TECHNOLOGY
1083,9240,AGNI SCHOOL OF ARCHITECHTURE
1015,9107,K.L.N.COLLEGE OF INFORMATION TECHNOLOGY
1014,9106,KLN College of engineering 
1053,9209,N.S.N. College of Engineering and Technology 
1065,9221,SSM INSTITUTE OF ENGINEERING AND TECHNOLOGY
1064,9220,Sri Vidya college of engineering and technology 
1082,9239,ARINGER ANNA COLLEGE OF ENGINEERING AND TECHNOLOGY
1030,9122,Solamalai College of Engineering
1080,9237,J.K. COLLEGE OF ARCHITECTURE
1078,9234,MADURAI SCHOOL OF MANAGEMENT
1073,9229,AGNI SCHOOL OF BUSINESS EXCELLENCE
1072,9228,AR SCHOOL OF BUSINESS
1071,9227,VPV COLLEGE OF ENGINEERING
1068,9224,V K S COLLEGE OF ENGINEERING AND TECHNOLOGY
1070,9226,VIJAY INSTITUTE OF MANAGEMENT 
1129,9606,DMI ENGINEERING COLLEGE
1114,9531,THAMIRABHARANI ENGINEERING COLLEGE
1094,9510,INFANT JESUS COLLEGE OF ENGINEERING
1099,9515,KALASALINGAM INSTITUTE OF TECHNOLOGY
1044,9177,"Thiagarajar College of Engineering, Madurai"
1121,9538,V.P.M.M. COLLEGE OF  ARCHITECTURE FOR WOMEN
1118,9535,V.P.MUTHAIAH PILLAI MEENAKSHI AMMAL ENGINEERING COLLEGE FOR WOMEN
1069,9225,"V.S.B. ENGINEERING COLLEGE, KARUR"
1103,9519,P.S.R. ENGINEERING COLLEGE
1126,9603,BETHLAHEM INSTITUTE OF ENGINEERING
1119,9536,RAMCO INSTITUTE OF TECHNOLOGY
1096,9512,J P COLLEGE OF ENGINEERING
1133,9610,K N S K COLLEGE OF ENGINEERING
1100,9516,MAHAKAVI BHARATHIYAR COLLEGE OF ENGINEERING AND TECHNOLOGY
1131,9608,JAMES COLLEGE OF ENGINEERING AND TECHNOLOGY
1123,9577,ARULMIGU KALASALINGAM COLLEGE OF ENGINEERING
1098,9514,JOE SURESH ENGINEERING COLLEGE
1107,9524,PSN INSTITUTE OF TECHNOLOGY AND SCIENCE 
1139,9616,MARTHANDAM COLLEGE OF ENGINEERING AND TECHNOLOGY
1008,9100,Anna University Regional Campus Madurai 
1162,9676,NOORUL ISLAM COLLEGE OF ENGINEERING
1122,9576,National Engineering College(Autonomous)
1134,9611,LORD JEGANNATH COLLEGE OF ENGINEERING AND TECHNOLOGY
585,3128,Agni College of Technology
1148,9625,RAJAS ENGINEERING COLLEGE
1137,9614,MAR EPHRAEM COLLEGE OF ENGINEERING AND TECHNOLOGY
881,7301,AISHWARYA COLLEGE OF ENGINEERING AND TECHNOLOGY
1106,9523,PSN ENGINEERING COLLEGE
1149,9626,UDAYA SCHOOL OF ENGINEERING
1132,9609,Jayamatha Engineering College
1159,9636,LOURDES MOUNT COLLEGE OF ENGINEERING AND TECHNOLOGY
1108,9525,Renganayagi Varatharaj college of engineering 
1157,9634,SIGMA COLLEGE OF ARCHITECTURE
1160,9637,NARAYANAGURU SIDDHARTHA COLLEGE OF ENGINEERING
1161,9638,GOOD SHEPHERD COLLEGE OF ENGINEERING & TECHNOLOGY
1154,9631,ARUL COLLEGE OF TECHNOLOGY
1147,9624,TAMIZHAN COLLEGE OF ENGINEERING AND TECHNOLOGY
792,7124,PPG Business School 
1145,9622,St.Xavier's Catholic College of Engineering
770,7101,ADITHYA INSTITUTE OF TECHNOLOGY
878,7276,Dr.Mahalingam College of Engineering and Technology
922,8104,Dhanalakshmi Srinivasan Engineering College 
947,8129,"OASYS Institute of Technology, Trichy"
634,4208,Chendu College of Engineering and Technology
1101,9517,"Mepco Schlenk Engineering College, Sivakasi "
1153,9630,VINS CHRISTIAN  WOMEN'S COLLEGE OF ENGINEERING  CHUNKANKADI
733,6201,AVS Engineering College
1111,9528,SCAD College of Engineering and Technology 
987,8210,K.S.K COLLEGE OF ENGINEERING AND TECHNOLOGY 
697,6105,Dhirajlal Gandhi College of Technology
1022,9114,MNSK ENGINEERING COLLEGE 
561,3105,Dhanalakshmi Srinivasan College of Engineering and Technology
1156,9633,ROHINI COLLEGE OF ENGINEERING AND TECHNOLOGY
984,8207,AS-SALAM COLLEGE OF ENGINEERING & TECHNOLOGY
524,2105,Dmi college of Engineering
660,5105,Bharathidasan Engineering College 
1150,9627,Universal College of Engineering and Technology Vallioor 
714,6122,"Sengunthar College of Engineering, Tiruchengode "
536,2117,Rajalakshmi Institute of Technology 
477,1105,GOJAN SCHOOL OF BUSINESS AND TECHNOLOGY
1058,9214,RVS EDUCATIONAL TRUSTS GROUP OF INSTITUTIONS
907,7327,Sri shanmugha college of engineering and technology 
659,5104,Arunai Engineering College 
842,7210,Nehru Institute of Technology
1117,9534,V V College of Engineering 
652,4226,UNIVERSITY COLLEGE OF ENGINEERING PANRUTI 
504,1132,Velammal Engineering College 
